/Library/Developer/CommandLineTools/usr/bin/make -e -C /Users/hugjobk/workspaces/birdeye/aerospike-client-nodejs/aerospike-client-c/modules/common libaerospike-common.a
cc -Isrc/include -std=gnu99 -g -Wall -fPIC -O3 -fno-common -fno-strict-aliasing -D_FILE_OFFSET_BITS=64 -D_REENTRANT -D_GNU_SOURCE -I/usr/local/opt/libuv/include -D_DARWIN_UNLIMITED_SELECT -I/opt/homebrew/opt/openssl/include -o target/Darwin-arm64/obj/common/aerospike/as_aerospike.o -c src/main/aerospike/as_aerospike.c
cc -Isrc/include -std=gnu99 -g -Wall -fPIC -O3 -fno-common -fno-strict-aliasing -D_FILE_OFFSET_BITS=64 -D_REENTRANT -D_GNU_SOURCE -I/usr/local/opt/libuv/include -D_DARWIN_UNLIMITED_SELECT -I/opt/homebrew/opt/openssl/include -o target/Darwin-arm64/obj/common/aerospike/as_arraylist.o -c src/main/aerospike/as_arraylist.c
cc -Isrc/include -std=gnu99 -g -Wall -fPIC -O3 -fno-common -fno-strict-aliasing -D_FILE_OFFSET_BITS=64 -D_REENTRANT -D_GNU_SOURCE -I/usr/local/opt/libuv/include -D_DARWIN_UNLIMITED_SELECT -I/opt/homebrew/opt/openssl/include -o target/Darwin-arm64/obj/common/aerospike/as_arraylist_hooks.o -c src/main/aerospike/as_arraylist_hooks.c
cc -Isrc/include -std=gnu99 -g -Wall -fPIC -O3 -fno-common -fno-strict-aliasing -D_FILE_OFFSET_BITS=64 -D_REENTRANT -D_GNU_SOURCE -I/usr/local/opt/libuv/include -D_DARWIN_UNLIMITED_SELECT -I/opt/homebrew/opt/openssl/include -o target/Darwin-arm64/obj/common/aerospike/as_arraylist_iterator.o -c src/main/aerospike/as_arraylist_iterator.c
cc -Isrc/include -std=gnu99 -g -Wall -fPIC -O3 -fno-common -fno-strict-aliasing -D_FILE_OFFSET_BITS=64 -D_REENTRANT -D_GNU_SOURCE -I/usr/local/opt/libuv/include -D_DARWIN_UNLIMITED_SELECT -I/opt/homebrew/opt/openssl/include -o target/Darwin-arm64/obj/common/aerospike/as_arraylist_iterator_hooks.o -c src/main/aerospike/as_arraylist_iterator_hooks.c
cc -Isrc/include -std=gnu99 -g -Wall -fPIC -O3 -fno-common -fno-strict-aliasing -D_FILE_OFFSET_BITS=64 -D_REENTRANT -D_GNU_SOURCE -I/usr/local/opt/libuv/include -D_DARWIN_UNLIMITED_SELECT -I/opt/homebrew/opt/openssl/include -o target/Darwin-arm64/obj/common/aerospike/as_boolean.o -c src/main/aerospike/as_boolean.c
cc -Isrc/include -std=gnu99 -g -Wall -fPIC -O3 -fno-common -fno-strict-aliasing -D_FILE_OFFSET_BITS=64 -D_REENTRANT -D_GNU_SOURCE -I/usr/local/opt/libuv/include -D_DARWIN_UNLIMITED_SELECT -I/opt/homebrew/opt/openssl/include -o target/Darwin-arm64/obj/common/aerospike/as_buffer.o -c src/main/aerospike/as_buffer.c
cc -Isrc/include -std=gnu99 -g -Wall -fPIC -O3 -fno-common -fno-strict-aliasing -D_FILE_OFFSET_BITS=64 -D_REENTRANT -D_GNU_SOURCE -I/usr/local/opt/libuv/include -D_DARWIN_UNLIMITED_SELECT -I/opt/homebrew/opt/openssl/include -o target/Darwin-arm64/obj/common/aerospike/as_buffer_pool.o -c src/main/aerospike/as_buffer_pool.c
cc -Isrc/include -std=gnu99 -g -Wall -fPIC -O3 -fno-common -fno-strict-aliasing -D_FILE_OFFSET_BITS=64 -D_REENTRANT -D_GNU_SOURCE -I/usr/local/opt/libuv/include -D_DARWIN_UNLIMITED_SELECT -I/opt/homebrew/opt/openssl/include -o target/Darwin-arm64/obj/common/aerospike/as_bytes.o -c src/main/aerospike/as_bytes.c
cc -Isrc/include -std=gnu99 -g -Wall -fPIC -O3 -fno-common -fno-strict-aliasing -D_FILE_OFFSET_BITS=64 -D_REENTRANT -D_GNU_SOURCE -I/usr/local/opt/libuv/include -D_DARWIN_UNLIMITED_SELECT -I/opt/homebrew/opt/openssl/include -o target/Darwin-arm64/obj/common/aerospike/as_double.o -c src/main/aerospike/as_double.c
cc -Isrc/include -std=gnu99 -g -Wall -fPIC -O3 -fno-common -fno-strict-aliasing -D_FILE_OFFSET_BITS=64 -D_REENTRANT -D_GNU_SOURCE -I/usr/local/opt/libuv/include -D_DARWIN_UNLIMITED_SELECT -I/opt/homebrew/opt/openssl/include -o target/Darwin-arm64/obj/common/aerospike/as_geojson.o -c src/main/aerospike/as_geojson.c
cc -Isrc/include -std=gnu99 -g -Wall -fPIC -O3 -fno-common -fno-strict-aliasing -D_FILE_OFFSET_BITS=64 -D_REENTRANT -D_GNU_SOURCE -I/usr/local/opt/libuv/include -D_DARWIN_UNLIMITED_SELECT -I/opt/homebrew/opt/openssl/include -o target/Darwin-arm64/obj/common/aerospike/as_integer.o -c src/main/aerospike/as_integer.c
cc -Isrc/include -std=gnu99 -g -Wall -fPIC -O3 -fno-common -fno-strict-aliasing -D_FILE_OFFSET_BITS=64 -D_REENTRANT -D_GNU_SOURCE -I/usr/local/opt/libuv/include -D_DARWIN_UNLIMITED_SELECT -I/opt/homebrew/opt/openssl/include -o target/Darwin-arm64/obj/common/aerospike/as_iterator.o -c src/main/aerospike/as_iterator.c
cc -Isrc/include -std=gnu99 -g -Wall -fPIC -O3 -fno-common -fno-strict-aliasing -D_FILE_OFFSET_BITS=64 -D_REENTRANT -D_GNU_SOURCE -I/usr/local/opt/libuv/include -D_DARWIN_UNLIMITED_SELECT -I/opt/homebrew/opt/openssl/include -o target/Darwin-arm64/obj/common/aerospike/as_list.o -c src/main/aerospike/as_list.c
cc -Isrc/include -std=gnu99 -g -Wall -fPIC -O3 -fno-common -fno-strict-aliasing -D_FILE_OFFSET_BITS=64 -D_REENTRANT -D_GNU_SOURCE -I/usr/local/opt/libuv/include -D_DARWIN_UNLIMITED_SELECT -I/opt/homebrew/opt/openssl/include -o target/Darwin-arm64/obj/common/aerospike/as_log.o -c src/main/aerospike/as_log.c
cc -Isrc/include -std=gnu99 -g -Wall -fPIC -O3 -fno-common -fno-strict-aliasing -D_FILE_OFFSET_BITS=64 -D_REENTRANT -D_GNU_SOURCE -I/usr/local/opt/libuv/include -D_DARWIN_UNLIMITED_SELECT -I/opt/homebrew/opt/openssl/include -o target/Darwin-arm64/obj/common/aerospike/as_map.o -c src/main/aerospike/as_map.c
cc -Isrc/include -std=gnu99 -g -Wall -fPIC -O3 -fno-common -fno-strict-aliasing -D_FILE_OFFSET_BITS=64 -D_REENTRANT -D_GNU_SOURCE -I/usr/local/opt/libuv/include -D_DARWIN_UNLIMITED_SELECT -I/opt/homebrew/opt/openssl/include -o target/Darwin-arm64/obj/common/aerospike/as_module.o -c src/main/aerospike/as_module.c
cc -Isrc/include -std=gnu99 -g -Wall -fPIC -O3 -fno-common -fno-strict-aliasing -D_FILE_OFFSET_BITS=64 -D_REENTRANT -D_GNU_SOURCE -I/usr/local/opt/libuv/include -D_DARWIN_UNLIMITED_SELECT -I/opt/homebrew/opt/openssl/include -o target/Darwin-arm64/obj/common/aerospike/as_msgpack.o -c src/main/aerospike/as_msgpack.c
cc -Isrc/include -std=gnu99 -g -Wall -fPIC -O3 -fno-common -fno-strict-aliasing -D_FILE_OFFSET_BITS=64 -D_REENTRANT -D_GNU_SOURCE -I/usr/local/opt/libuv/include -D_DARWIN_UNLIMITED_SELECT -I/opt/homebrew/opt/openssl/include -o target/Darwin-arm64/obj/common/aerospike/as_msgpack_ext.o -c src/main/aerospike/as_msgpack_ext.c
cc -Isrc/include -std=gnu99 -g -Wall -fPIC -O3 -fno-common -fno-strict-aliasing -D_FILE_OFFSET_BITS=64 -D_REENTRANT -D_GNU_SOURCE -I/usr/local/opt/libuv/include -D_DARWIN_UNLIMITED_SELECT -I/opt/homebrew/opt/openssl/include -o target/Darwin-arm64/obj/common/aerospike/as_msgpack_serializer.o -c src/main/aerospike/as_msgpack_serializer.c
cc -Isrc/include -std=gnu99 -g -Wall -fPIC -O3 -fno-common -fno-strict-aliasing -D_FILE_OFFSET_BITS=64 -D_REENTRANT -D_GNU_SOURCE -I/usr/local/opt/libuv/include -D_DARWIN_UNLIMITED_SELECT -I/opt/homebrew/opt/openssl/include -o target/Darwin-arm64/obj/common/aerospike/as_nil.o -c src/main/aerospike/as_nil.c
cc -Isrc/include -std=gnu99 -g -Wall -fPIC -O3 -fno-common -fno-strict-aliasing -D_FILE_OFFSET_BITS=64 -D_REENTRANT -D_GNU_SOURCE -I/usr/local/opt/libuv/include -D_DARWIN_UNLIMITED_SELECT -I/opt/homebrew/opt/openssl/include -o target/Darwin-arm64/obj/common/aerospike/as_orderedmap.o -c src/main/aerospike/as_orderedmap.c
cc -Isrc/include -std=gnu99 -g -Wall -fPIC -O3 -fno-common -fno-strict-aliasing -D_FILE_OFFSET_BITS=64 -D_REENTRANT -D_GNU_SOURCE -I/usr/local/opt/libuv/include -D_DARWIN_UNLIMITED_SELECT -I/opt/homebrew/opt/openssl/include -o target/Darwin-arm64/obj/common/aerospike/as_pair.o -c src/main/aerospike/as_pair.c
cc -Isrc/include -std=gnu99 -g -Wall -fPIC -O3 -fno-common -fno-strict-aliasing -D_FILE_OFFSET_BITS=64 -D_REENTRANT -D_GNU_SOURCE -I/usr/local/opt/libuv/include -D_DARWIN_UNLIMITED_SELECT -I/opt/homebrew/opt/openssl/include -o target/Darwin-arm64/obj/common/aerospike/as_password.o -c src/main/aerospike/as_password.c
cc -Isrc/include -std=gnu99 -g -Wall -fPIC -O3 -fno-common -fno-strict-aliasing -D_FILE_OFFSET_BITS=64 -D_REENTRANT -D_GNU_SOURCE -I/usr/local/opt/libuv/include -D_DARWIN_UNLIMITED_SELECT -I/opt/homebrew/opt/openssl/include -o target/Darwin-arm64/obj/common/aerospike/as_queue.o -c src/main/aerospike/as_queue.c
cc -Isrc/include -std=gnu99 -g -Wall -fPIC -O3 -fno-common -fno-strict-aliasing -D_FILE_OFFSET_BITS=64 -D_REENTRANT -D_GNU_SOURCE -I/usr/local/opt/libuv/include -D_DARWIN_UNLIMITED_SELECT -I/opt/homebrew/opt/openssl/include -o target/Darwin-arm64/obj/common/aerospike/as_queue_mt.o -c src/main/aerospike/as_queue_mt.c
cc -Isrc/include -std=gnu99 -g -Wall -fPIC -O3 -fno-common -fno-strict-aliasing -D_FILE_OFFSET_BITS=64 -D_REENTRANT -D_GNU_SOURCE -I/usr/local/opt/libuv/include -D_DARWIN_UNLIMITED_SELECT -I/opt/homebrew/opt/openssl/include -o target/Darwin-arm64/obj/common/aerospike/as_random.o -c src/main/aerospike/as_random.c
cc -Isrc/include -std=gnu99 -g -Wall -fPIC -O3 -fno-common -fno-strict-aliasing -D_FILE_OFFSET_BITS=64 -D_REENTRANT -D_GNU_SOURCE -I/usr/local/opt/libuv/include -D_DARWIN_UNLIMITED_SELECT -I/opt/homebrew/opt/openssl/include -o target/Darwin-arm64/obj/common/aerospike/as_rec.o -c src/main/aerospike/as_rec.c
cc -Isrc/include -std=gnu99 -g -Wall -fPIC -O3 -fno-common -fno-strict-aliasing -D_FILE_OFFSET_BITS=64 -D_REENTRANT -D_GNU_SOURCE -I/usr/local/opt/libuv/include -D_DARWIN_UNLIMITED_SELECT -I/opt/homebrew/opt/openssl/include -o target/Darwin-arm64/obj/common/aerospike/as_result.o -c src/main/aerospike/as_result.c
cc -Isrc/include -std=gnu99 -g -Wall -fPIC -O3 -fno-common -fno-strict-aliasing -D_FILE_OFFSET_BITS=64 -D_REENTRANT -D_GNU_SOURCE -I/usr/local/opt/libuv/include -D_DARWIN_UNLIMITED_SELECT -I/opt/homebrew/opt/openssl/include -o target/Darwin-arm64/obj/common/aerospike/as_serializer.o -c src/main/aerospike/as_serializer.c
cc -Isrc/include -std=gnu99 -g -Wall -fPIC -O3 -fno-common -fno-strict-aliasing -D_FILE_OFFSET_BITS=64 -D_REENTRANT -D_GNU_SOURCE -I/usr/local/opt/libuv/include -D_DARWIN_UNLIMITED_SELECT -I/opt/homebrew/opt/openssl/include -o target/Darwin-arm64/obj/common/aerospike/as_stream.o -c src/main/aerospike/as_stream.c
cc -Isrc/include -std=gnu99 -g -Wall -fPIC -O3 -fno-common -fno-strict-aliasing -D_FILE_OFFSET_BITS=64 -D_REENTRANT -D_GNU_SOURCE -I/usr/local/opt/libuv/include -D_DARWIN_UNLIMITED_SELECT -I/opt/homebrew/opt/openssl/include -o target/Darwin-arm64/obj/common/aerospike/as_string.o -c src/main/aerospike/as_string.c
cc -Isrc/include -std=gnu99 -g -Wall -fPIC -O3 -fno-common -fno-strict-aliasing -D_FILE_OFFSET_BITS=64 -D_REENTRANT -D_GNU_SOURCE -I/usr/local/opt/libuv/include -D_DARWIN_UNLIMITED_SELECT -I/opt/homebrew/opt/openssl/include -o target/Darwin-arm64/obj/common/aerospike/as_string_builder.o -c src/main/aerospike/as_string_builder.c
cc -Isrc/include -std=gnu99 -g -Wall -fPIC -O3 -fno-common -fno-strict-aliasing -D_FILE_OFFSET_BITS=64 -D_REENTRANT -D_GNU_SOURCE -I/usr/local/opt/libuv/include -D_DARWIN_UNLIMITED_SELECT -I/opt/homebrew/opt/openssl/include -o target/Darwin-arm64/obj/common/aerospike/as_thread_pool.o -c src/main/aerospike/as_thread_pool.c
cc -Isrc/include -std=gnu99 -g -Wall -fPIC -O3 -fno-common -fno-strict-aliasing -D_FILE_OFFSET_BITS=64 -D_REENTRANT -D_GNU_SOURCE -I/usr/local/opt/libuv/include -D_DARWIN_UNLIMITED_SELECT -I/opt/homebrew/opt/openssl/include -o target/Darwin-arm64/obj/common/aerospike/as_timer.o -c src/main/aerospike/as_timer.c
cc -Isrc/include -std=gnu99 -g -Wall -fPIC -O3 -fno-common -fno-strict-aliasing -D_FILE_OFFSET_BITS=64 -D_REENTRANT -D_GNU_SOURCE -I/usr/local/opt/libuv/include -D_DARWIN_UNLIMITED_SELECT -I/opt/homebrew/opt/openssl/include -o target/Darwin-arm64/obj/common/aerospike/as_val.o -c src/main/aerospike/as_val.c
cc -Isrc/include -std=gnu99 -g -Wall -fPIC -O3 -fno-common -fno-strict-aliasing -D_FILE_OFFSET_BITS=64 -D_REENTRANT -D_GNU_SOURCE -I/usr/local/opt/libuv/include -D_DARWIN_UNLIMITED_SELECT -I/opt/homebrew/opt/openssl/include -o target/Darwin-arm64/obj/common/aerospike/as_vector.o -c src/main/aerospike/as_vector.c
cc -Isrc/include -std=gnu99 -g -Wall -fPIC -O3 -fno-common -fno-strict-aliasing -D_FILE_OFFSET_BITS=64 -D_REENTRANT -D_GNU_SOURCE -I/usr/local/opt/libuv/include -D_DARWIN_UNLIMITED_SELECT -I/opt/homebrew/opt/openssl/include -o target/Darwin-arm64/obj/common/aerospike/crypt_blowfish.o -c src/main/aerospike/crypt_blowfish.c
cc -Isrc/include -std=gnu99 -g -Wall -fPIC -O3 -fno-common -fno-strict-aliasing -D_FILE_OFFSET_BITS=64 -D_REENTRANT -D_GNU_SOURCE -I/usr/local/opt/libuv/include -D_DARWIN_UNLIMITED_SELECT -I/opt/homebrew/opt/openssl/include -o target/Darwin-arm64/obj/common/aerospike/ssl_util.o -c src/main/aerospike/ssl_util.c
cc -Isrc/include -std=gnu99 -g -Wall -fPIC -O3 -fno-common -fno-strict-aliasing -D_FILE_OFFSET_BITS=64 -D_REENTRANT -D_GNU_SOURCE -I/usr/local/opt/libuv/include -D_DARWIN_UNLIMITED_SELECT -I/opt/homebrew/opt/openssl/include -o target/Darwin-arm64/obj/common/citrusleaf/cf_alloc.o -c src/main/citrusleaf/cf_alloc.c
cc -Isrc/include -std=gnu99 -g -Wall -fPIC -O3 -fno-common -fno-strict-aliasing -D_FILE_OFFSET_BITS=64 -D_REENTRANT -D_GNU_SOURCE -I/usr/local/opt/libuv/include -D_DARWIN_UNLIMITED_SELECT -I/opt/homebrew/opt/openssl/include -o target/Darwin-arm64/obj/common/citrusleaf/cf_b64.o -c src/main/citrusleaf/cf_b64.c
cc -Isrc/include -std=gnu99 -g -Wall -fPIC -O3 -fno-common -fno-strict-aliasing -D_FILE_OFFSET_BITS=64 -D_REENTRANT -D_GNU_SOURCE -I/usr/local/opt/libuv/include -D_DARWIN_UNLIMITED_SELECT -I/opt/homebrew/opt/openssl/include -o target/Darwin-arm64/obj/common/citrusleaf/cf_clock.o -c src/main/citrusleaf/cf_clock.c
cc -Isrc/include -std=gnu99 -g -Wall -fPIC -O3 -fno-common -fno-strict-aliasing -D_FILE_OFFSET_BITS=64 -D_REENTRANT -D_GNU_SOURCE -I/usr/local/opt/libuv/include -D_DARWIN_UNLIMITED_SELECT -I/opt/homebrew/opt/openssl/include -o target/Darwin-arm64/obj/common/citrusleaf/cf_crypto.o -c src/main/citrusleaf/cf_crypto.c
cc -Isrc/include -std=gnu99 -g -Wall -fPIC -O3 -fno-common -fno-strict-aliasing -D_FILE_OFFSET_BITS=64 -D_REENTRANT -D_GNU_SOURCE -I/usr/local/opt/libuv/include -D_DARWIN_UNLIMITED_SELECT -I/opt/homebrew/opt/openssl/include -o target/Darwin-arm64/obj/common/citrusleaf/cf_digest.o -c src/main/citrusleaf/cf_digest.c
cc -Isrc/include -std=gnu99 -g -Wall -fPIC -O3 -fno-common -fno-strict-aliasing -D_FILE_OFFSET_BITS=64 -D_REENTRANT -D_GNU_SOURCE -I/usr/local/opt/libuv/include -D_DARWIN_UNLIMITED_SELECT -I/opt/homebrew/opt/openssl/include -o target/Darwin-arm64/obj/common/citrusleaf/cf_ll.o -c src/main/citrusleaf/cf_ll.c
cc -Isrc/include -std=gnu99 -g -Wall -fPIC -O3 -fno-common -fno-strict-aliasing -D_FILE_OFFSET_BITS=64 -D_REENTRANT -D_GNU_SOURCE -I/usr/local/opt/libuv/include -D_DARWIN_UNLIMITED_SELECT -I/opt/homebrew/opt/openssl/include -o target/Darwin-arm64/obj/common/citrusleaf/cf_queue.o -c src/main/citrusleaf/cf_queue.c
cc -Isrc/include -std=gnu99 -g -Wall -fPIC -O3 -fno-common -fno-strict-aliasing -D_FILE_OFFSET_BITS=64 -D_REENTRANT -D_GNU_SOURCE -I/usr/local/opt/libuv/include -D_DARWIN_UNLIMITED_SELECT -I/opt/homebrew/opt/openssl/include -o target/Darwin-arm64/obj/common/citrusleaf/cf_random.o -c src/main/citrusleaf/cf_random.c
ar rcs target/Darwin-arm64/lib/libaerospike-common.a target/Darwin-arm64/obj/common/aerospike/as_aerospike.o target/Darwin-arm64/obj/common/aerospike/as_arraylist.o target/Darwin-arm64/obj/common/aerospike/as_arraylist_hooks.o target/Darwin-arm64/obj/common/aerospike/as_arraylist_iterator.o target/Darwin-arm64/obj/common/aerospike/as_arraylist_iterator_hooks.o target/Darwin-arm64/obj/common/aerospike/as_boolean.o target/Darwin-arm64/obj/common/aerospike/as_buffer.o target/Darwin-arm64/obj/common/aerospike/as_buffer_pool.o target/Darwin-arm64/obj/common/aerospike/as_bytes.o target/Darwin-arm64/obj/common/aerospike/as_double.o target/Darwin-arm64/obj/common/aerospike/as_geojson.o target/Darwin-arm64/obj/common/aerospike/as_integer.o target/Darwin-arm64/obj/common/aerospike/as_iterator.o target/Darwin-arm64/obj/common/aerospike/as_list.o target/Darwin-arm64/obj/common/aerospike/as_log.o target/Darwin-arm64/obj/common/aerospike/as_map.o target/Darwin-arm64/obj/common/aerospike/as_module.o target/Darwin-arm64/obj/common/aerospike/as_msgpack.o target/Darwin-arm64/obj/common/aerospike/as_msgpack_ext.o target/Darwin-arm64/obj/common/aerospike/as_msgpack_serializer.o target/Darwin-arm64/obj/common/aerospike/as_nil.o target/Darwin-arm64/obj/common/aerospike/as_orderedmap.o target/Darwin-arm64/obj/common/aerospike/as_pair.o target/Darwin-arm64/obj/common/aerospike/as_password.o target/Darwin-arm64/obj/common/aerospike/as_queue.o target/Darwin-arm64/obj/common/aerospike/as_queue_mt.o target/Darwin-arm64/obj/common/aerospike/as_random.o target/Darwin-arm64/obj/common/aerospike/as_rec.o target/Darwin-arm64/obj/common/aerospike/as_result.o target/Darwin-arm64/obj/common/aerospike/as_serializer.o target/Darwin-arm64/obj/common/aerospike/as_stream.o target/Darwin-arm64/obj/common/aerospike/as_string.o target/Darwin-arm64/obj/common/aerospike/as_string_builder.o target/Darwin-arm64/obj/common/aerospike/as_thread_pool.o target/Darwin-arm64/obj/common/aerospike/as_timer.o target/Darwin-arm64/obj/common/aerospike/as_val.o target/Darwin-arm64/obj/common/aerospike/as_vector.o target/Darwin-arm64/obj/common/aerospike/crypt_blowfish.o target/Darwin-arm64/obj/common/aerospike/ssl_util.o target/Darwin-arm64/obj/common/citrusleaf/cf_alloc.o target/Darwin-arm64/obj/common/citrusleaf/cf_b64.o target/Darwin-arm64/obj/common/citrusleaf/cf_clock.o target/Darwin-arm64/obj/common/citrusleaf/cf_crypto.o target/Darwin-arm64/obj/common/citrusleaf/cf_digest.o target/Darwin-arm64/obj/common/citrusleaf/cf_ll.o target/Darwin-arm64/obj/common/citrusleaf/cf_queue.o target/Darwin-arm64/obj/common/citrusleaf/cf_random.o
/Library/Developer/CommandLineTools/usr/bin/make -e -C /Users/hugjobk/workspaces/birdeye/aerospike-client-nodejs/aerospike-client-c/modules/mod-lua COMMON=/Users/hugjobk/workspaces/birdeye/aerospike-client-nodejs/aerospike-client-c/modules/common LUAMOD=/Users/hugjobk/workspaces/birdeye/aerospike-client-nodejs/aerospike-client-c/modules/lua EXT_CFLAGS=-DAS_MOD_LUA_CLIENT
/Library/Developer/CommandLineTools/usr/bin/make -C /Users/hugjobk/workspaces/birdeye/aerospike-client-nodejs/aerospike-client-c/modules/lua CFLAGS="-Wall -O2 -std=c99 -DLUA_USE_MACOSX -fPIC -fno-stack-protector -fno-common  -g" a
gcc -Wall -O2 -std=c99 -DLUA_USE_MACOSX -fPIC -fno-stack-protector -fno-common  -g -I/opt/homebrew/include  -c -o lapi.o lapi.c
gcc -Wall -O2 -std=c99 -DLUA_USE_MACOSX -fPIC -fno-stack-protector -fno-common  -g -I/opt/homebrew/include  -c -o lcode.o lcode.c
gcc -Wall -O2 -std=c99 -DLUA_USE_MACOSX -fPIC -fno-stack-protector -fno-common  -g -I/opt/homebrew/include  -c -o lctype.o lctype.c
gcc -Wall -O2 -std=c99 -DLUA_USE_MACOSX -fPIC -fno-stack-protector -fno-common  -g -I/opt/homebrew/include  -c -o ldebug.o ldebug.c
gcc -Wall -O2 -std=c99 -DLUA_USE_MACOSX -fPIC -fno-stack-protector -fno-common  -g -I/opt/homebrew/include  -c -o ldo.o ldo.c
gcc -Wall -O2 -std=c99 -DLUA_USE_MACOSX -fPIC -fno-stack-protector -fno-common  -g -I/opt/homebrew/include  -c -o ldump.o ldump.c
gcc -Wall -O2 -std=c99 -DLUA_USE_MACOSX -fPIC -fno-stack-protector -fno-common  -g -I/opt/homebrew/include  -c -o lfunc.o lfunc.c
gcc -Wall -O2 -std=c99 -DLUA_USE_MACOSX -fPIC -fno-stack-protector -fno-common  -g -I/opt/homebrew/include  -c -o lgc.o lgc.c
gcc -Wall -O2 -std=c99 -DLUA_USE_MACOSX -fPIC -fno-stack-protector -fno-common  -g -I/opt/homebrew/include  -c -o llex.o llex.c
gcc -Wall -O2 -std=c99 -DLUA_USE_MACOSX -fPIC -fno-stack-protector -fno-common  -g -I/opt/homebrew/include  -c -o lmem.o lmem.c
gcc -Wall -O2 -std=c99 -DLUA_USE_MACOSX -fPIC -fno-stack-protector -fno-common  -g -I/opt/homebrew/include  -c -o lobject.o lobject.c
gcc -Wall -O2 -std=c99 -DLUA_USE_MACOSX -fPIC -fno-stack-protector -fno-common  -g -I/opt/homebrew/include  -c -o lopcodes.o lopcodes.c
gcc -Wall -O2 -std=c99 -DLUA_USE_MACOSX -fPIC -fno-stack-protector -fno-common  -g -I/opt/homebrew/include  -c -o lparser.o lparser.c
gcc -Wall -O2 -std=c99 -DLUA_USE_MACOSX -fPIC -fno-stack-protector -fno-common  -g -I/opt/homebrew/include  -c -o lstate.o lstate.c
gcc -Wall -O2 -std=c99 -DLUA_USE_MACOSX -fPIC -fno-stack-protector -fno-common  -g -I/opt/homebrew/include  -c -o lstring.o lstring.c
gcc -Wall -O2 -std=c99 -DLUA_USE_MACOSX -fPIC -fno-stack-protector -fno-common  -g -I/opt/homebrew/include  -c -o ltable.o ltable.c
gcc -Wall -O2 -std=c99 -DLUA_USE_MACOSX -fPIC -fno-stack-protector -fno-common  -g -I/opt/homebrew/include  -c -o ltm.o ltm.c
gcc -Wall -O2 -std=c99 -DLUA_USE_MACOSX -fPIC -fno-stack-protector -fno-common  -g -I/opt/homebrew/include  -c -o lundump.o lundump.c
gcc -Wall -O2 -std=c99 -DLUA_USE_MACOSX -fPIC -fno-stack-protector -fno-common  -g -I/opt/homebrew/include  -c -o lvm.o lvm.c
gcc -Wall -O2 -std=c99 -DLUA_USE_MACOSX -fPIC -fno-stack-protector -fno-common  -g -I/opt/homebrew/include  -c -o lzio.o lzio.c
gcc -Wall -O2 -std=c99 -DLUA_USE_MACOSX -fPIC -fno-stack-protector -fno-common  -g -I/opt/homebrew/include  -c -o ltests.o ltests.c
gcc -Wall -O2 -std=c99 -DLUA_USE_MACOSX -fPIC -fno-stack-protector -fno-common  -g -I/opt/homebrew/include  -c -o lauxlib.o lauxlib.c
gcc -Wall -O2 -std=c99 -DLUA_USE_MACOSX -fPIC -fno-stack-protector -fno-common  -g -I/opt/homebrew/include  -c -o lbaselib.o lbaselib.c
gcc -Wall -O2 -std=c99 -DLUA_USE_MACOSX -fPIC -fno-stack-protector -fno-common  -g -I/opt/homebrew/include  -c -o ldblib.o ldblib.c
gcc -Wall -O2 -std=c99 -DLUA_USE_MACOSX -fPIC -fno-stack-protector -fno-common  -g -I/opt/homebrew/include  -c -o liolib.o liolib.c
gcc -Wall -O2 -std=c99 -DLUA_USE_MACOSX -fPIC -fno-stack-protector -fno-common  -g -I/opt/homebrew/include  -c -o lmathlib.o lmathlib.c
gcc -Wall -O2 -std=c99 -DLUA_USE_MACOSX -fPIC -fno-stack-protector -fno-common  -g -I/opt/homebrew/include  -c -o loslib.o loslib.c
gcc -Wall -O2 -std=c99 -DLUA_USE_MACOSX -fPIC -fno-stack-protector -fno-common  -g -I/opt/homebrew/include  -c -o ltablib.o ltablib.c
gcc -Wall -O2 -std=c99 -DLUA_USE_MACOSX -fPIC -fno-stack-protector -fno-common  -g -I/opt/homebrew/include  -c -o lstrlib.o lstrlib.c
gcc -Wall -O2 -std=c99 -DLUA_USE_MACOSX -fPIC -fno-stack-protector -fno-common  -g -I/opt/homebrew/include  -c -o lutf8lib.o lutf8lib.c
gcc -Wall -O2 -std=c99 -DLUA_USE_MACOSX -fPIC -fno-stack-protector -fno-common  -g -I/opt/homebrew/include  -c -o loadlib.o loadlib.c
gcc -Wall -O2 -std=c99 -DLUA_USE_MACOSX -fPIC -fno-stack-protector -fno-common  -g -I/opt/homebrew/include  -c -o lcorolib.o lcorolib.c
gcc -Wall -O2 -std=c99 -DLUA_USE_MACOSX -fPIC -fno-stack-protector -fno-common  -g -I/opt/homebrew/include  -c -o linit.o linit.c
ar rc liblua.a lapi.o lcode.o lctype.o ldebug.o ldo.o ldump.o lfunc.o lgc.o llex.o lmem.o lobject.o lopcodes.o lparser.o lstate.o lstring.o ltable.o ltm.o lundump.o lvm.o lzio.o ltests.o lauxlib.o lbaselib.o ldblib.o liolib.o lmathlib.o loslib.o ltablib.o lstrlib.o lutf8lib.o loadlib.o lcorolib.o linit.o
ranlib liblua.a
cc -Isrc/include -I/Users/hugjobk/workspaces/birdeye/aerospike-client-nodejs/aerospike-client-c/modules/common/src/include -I/Users/hugjobk/workspaces/birdeye/aerospike-client-nodejs/aerospike-client-c/modules/lua -std=gnu99 -g -fPIC -O3 -fno-common -fno-strict-aliasing -D_FILE_OFFSET_BITS=64 -D_REENTRANT -D_GNU_SOURCE -I/usr/local/opt/libuv/include -DAS_MOD_LUA_CLIENT -D_DARWIN_UNLIMITED_SELECT -I/opt/homebrew/opt/openssl/include -o target/Darwin-arm64/obj/mod_lua.o -c src/main/mod_lua.c
cc -Isrc/include -I/Users/hugjobk/workspaces/birdeye/aerospike-client-nodejs/aerospike-client-c/modules/common/src/include -I/Users/hugjobk/workspaces/birdeye/aerospike-client-nodejs/aerospike-client-c/modules/lua -std=gnu99 -g -fPIC -O3 -fno-common -fno-strict-aliasing -D_FILE_OFFSET_BITS=64 -D_REENTRANT -D_GNU_SOURCE -I/usr/local/opt/libuv/include -DAS_MOD_LUA_CLIENT -D_DARWIN_UNLIMITED_SELECT -I/opt/homebrew/opt/openssl/include -o target/Darwin-arm64/obj/mod_lua_aerospike.o -c src/main/mod_lua_aerospike.c
cc -Isrc/include -I/Users/hugjobk/workspaces/birdeye/aerospike-client-nodejs/aerospike-client-c/modules/common/src/include -I/Users/hugjobk/workspaces/birdeye/aerospike-client-nodejs/aerospike-client-c/modules/lua -std=gnu99 -g -fPIC -O3 -fno-common -fno-strict-aliasing -D_FILE_OFFSET_BITS=64 -D_REENTRANT -D_GNU_SOURCE -I/usr/local/opt/libuv/include -DAS_MOD_LUA_CLIENT -D_DARWIN_UNLIMITED_SELECT -I/opt/homebrew/opt/openssl/include -o target/Darwin-arm64/obj/mod_lua_bytes.o -c src/main/mod_lua_bytes.c
cc -Isrc/include -I/Users/hugjobk/workspaces/birdeye/aerospike-client-nodejs/aerospike-client-c/modules/common/src/include -I/Users/hugjobk/workspaces/birdeye/aerospike-client-nodejs/aerospike-client-c/modules/lua -std=gnu99 -g -fPIC -O3 -fno-common -fno-strict-aliasing -D_FILE_OFFSET_BITS=64 -D_REENTRANT -D_GNU_SOURCE -I/usr/local/opt/libuv/include -DAS_MOD_LUA_CLIENT -D_DARWIN_UNLIMITED_SELECT -I/opt/homebrew/opt/openssl/include -o target/Darwin-arm64/obj/mod_lua_geojson.o -c src/main/mod_lua_geojson.c
cc -Isrc/include -I/Users/hugjobk/workspaces/birdeye/aerospike-client-nodejs/aerospike-client-c/modules/common/src/include -I/Users/hugjobk/workspaces/birdeye/aerospike-client-nodejs/aerospike-client-c/modules/lua -std=gnu99 -g -fPIC -O3 -fno-common -fno-strict-aliasing -D_FILE_OFFSET_BITS=64 -D_REENTRANT -D_GNU_SOURCE -I/usr/local/opt/libuv/include -DAS_MOD_LUA_CLIENT -D_DARWIN_UNLIMITED_SELECT -I/opt/homebrew/opt/openssl/include -o target/Darwin-arm64/obj/mod_lua_iterator.o -c src/main/mod_lua_iterator.c
cc -Isrc/include -I/Users/hugjobk/workspaces/birdeye/aerospike-client-nodejs/aerospike-client-c/modules/common/src/include -I/Users/hugjobk/workspaces/birdeye/aerospike-client-nodejs/aerospike-client-c/modules/lua -std=gnu99 -g -fPIC -O3 -fno-common -fno-strict-aliasing -D_FILE_OFFSET_BITS=64 -D_REENTRANT -D_GNU_SOURCE -I/usr/local/opt/libuv/include -DAS_MOD_LUA_CLIENT -D_DARWIN_UNLIMITED_SELECT -I/opt/homebrew/opt/openssl/include -o target/Darwin-arm64/obj/mod_lua_list.o -c src/main/mod_lua_list.c
cc -Isrc/include -I/Users/hugjobk/workspaces/birdeye/aerospike-client-nodejs/aerospike-client-c/modules/common/src/include -I/Users/hugjobk/workspaces/birdeye/aerospike-client-nodejs/aerospike-client-c/modules/lua -std=gnu99 -g -fPIC -O3 -fno-common -fno-strict-aliasing -D_FILE_OFFSET_BITS=64 -D_REENTRANT -D_GNU_SOURCE -I/usr/local/opt/libuv/include -DAS_MOD_LUA_CLIENT -D_DARWIN_UNLIMITED_SELECT -I/opt/homebrew/opt/openssl/include -o target/Darwin-arm64/obj/mod_lua_map.o -c src/main/mod_lua_map.c
cc -Isrc/include -I/Users/hugjobk/workspaces/birdeye/aerospike-client-nodejs/aerospike-client-c/modules/common/src/include -I/Users/hugjobk/workspaces/birdeye/aerospike-client-nodejs/aerospike-client-c/modules/lua -std=gnu99 -g -fPIC -O3 -fno-common -fno-strict-aliasing -D_FILE_OFFSET_BITS=64 -D_REENTRANT -D_GNU_SOURCE -I/usr/local/opt/libuv/include -DAS_MOD_LUA_CLIENT -D_DARWIN_UNLIMITED_SELECT -I/opt/homebrew/opt/openssl/include -o target/Darwin-arm64/obj/mod_lua_record.o -c src/main/mod_lua_record.c
cc -Isrc/include -I/Users/hugjobk/workspaces/birdeye/aerospike-client-nodejs/aerospike-client-c/modules/common/src/include -I/Users/hugjobk/workspaces/birdeye/aerospike-client-nodejs/aerospike-client-c/modules/lua -std=gnu99 -g -fPIC -O3 -fno-common -fno-strict-aliasing -D_FILE_OFFSET_BITS=64 -D_REENTRANT -D_GNU_SOURCE -I/usr/local/opt/libuv/include -DAS_MOD_LUA_CLIENT -D_DARWIN_UNLIMITED_SELECT -I/opt/homebrew/opt/openssl/include -o target/Darwin-arm64/obj/mod_lua_reg.o -c src/main/mod_lua_reg.c
cc -Isrc/include -I/Users/hugjobk/workspaces/birdeye/aerospike-client-nodejs/aerospike-client-c/modules/common/src/include -I/Users/hugjobk/workspaces/birdeye/aerospike-client-nodejs/aerospike-client-c/modules/lua -std=gnu99 -g -fPIC -O3 -fno-common -fno-strict-aliasing -D_FILE_OFFSET_BITS=64 -D_REENTRANT -D_GNU_SOURCE -I/usr/local/opt/libuv/include -DAS_MOD_LUA_CLIENT -D_DARWIN_UNLIMITED_SELECT -I/opt/homebrew/opt/openssl/include -o target/Darwin-arm64/obj/mod_lua_stream.o -c src/main/mod_lua_stream.c
cc -Isrc/include -I/Users/hugjobk/workspaces/birdeye/aerospike-client-nodejs/aerospike-client-c/modules/common/src/include -I/Users/hugjobk/workspaces/birdeye/aerospike-client-nodejs/aerospike-client-c/modules/lua -std=gnu99 -g -fPIC -O3 -fno-common -fno-strict-aliasing -D_FILE_OFFSET_BITS=64 -D_REENTRANT -D_GNU_SOURCE -I/usr/local/opt/libuv/include -DAS_MOD_LUA_CLIENT -D_DARWIN_UNLIMITED_SELECT -I/opt/homebrew/opt/openssl/include -o target/Darwin-arm64/obj/mod_lua_system.o -c src/main/mod_lua_system.c
cc -Isrc/include -I/Users/hugjobk/workspaces/birdeye/aerospike-client-nodejs/aerospike-client-c/modules/common/src/include -I/Users/hugjobk/workspaces/birdeye/aerospike-client-nodejs/aerospike-client-c/modules/lua -std=gnu99 -g -fPIC -O3 -fno-common -fno-strict-aliasing -D_FILE_OFFSET_BITS=64 -D_REENTRANT -D_GNU_SOURCE -I/usr/local/opt/libuv/include -DAS_MOD_LUA_CLIENT -D_DARWIN_UNLIMITED_SELECT -I/opt/homebrew/opt/openssl/include -o target/Darwin-arm64/obj/mod_lua_val.o -c src/main/mod_lua_val.c
/Library/Developer/CommandLineTools/usr/bin/make -e -C /Users/hugjobk/workspaces/birdeye/aerospike-client-nodejs/aerospike-client-c/modules/common prepare
cp src/include/aerospike/as_nil.h target/Darwin-arm64/include/aerospike/as_nil.h
cp src/include/aerospike/as_pair.h target/Darwin-arm64/include/aerospike/as_pair.h
cp src/include/aerospike/as_util.h target/Darwin-arm64/include/aerospike/as_util.h
cp src/include/aerospike/as_sleep.h target/Darwin-arm64/include/aerospike/as_sleep.h
cp src/include/aerospike/as_arraylist_iterator.h target/Darwin-arm64/include/aerospike/as_arraylist_iterator.h
cp src/include/aerospike/as_string_builder.h target/Darwin-arm64/include/aerospike/as_string_builder.h
cp src/include/aerospike/as_log.h target/Darwin-arm64/include/aerospike/as_log.h
cp src/include/aerospike/as_msgpack.h target/Darwin-arm64/include/aerospike/as_msgpack.h
cp src/include/aerospike/as_geojson.h target/Darwin-arm64/include/aerospike/as_geojson.h
cp src/include/aerospike/as_serializer.h target/Darwin-arm64/include/aerospike/as_serializer.h
cp src/include/aerospike/as_queue_mt.h target/Darwin-arm64/include/aerospike/as_queue_mt.h
cp src/include/aerospike/as_types.h target/Darwin-arm64/include/aerospike/as_types.h
cp src/include/aerospike/as_result.h target/Darwin-arm64/include/aerospike/as_result.h
cp src/include/aerospike/as_list.h target/Darwin-arm64/include/aerospike/as_list.h
cp src/include/aerospike/as_thread_pool.h target/Darwin-arm64/include/aerospike/as_thread_pool.h
cp src/include/aerospike/as_stream.h target/Darwin-arm64/include/aerospike/as_stream.h
cp src/include/aerospike/as_hashmap_iterator.h target/Darwin-arm64/include/aerospike/as_hashmap_iterator.h
cp src/include/aerospike/as_password.h target/Darwin-arm64/include/aerospike/as_password.h
cp src/include/aerospike/as_arch.h target/Darwin-arm64/include/aerospike/as_arch.h
cp src/include/aerospike/as_stringmap.h target/Darwin-arm64/include/aerospike/as_stringmap.h
cp src/include/aerospike/as_hashmap.h target/Darwin-arm64/include/aerospike/as_hashmap.h
cp src/include/aerospike/as_iterator.h target/Darwin-arm64/include/aerospike/as_iterator.h
cp src/include/aerospike/as_dir.h target/Darwin-arm64/include/aerospike/as_dir.h
cp src/include/aerospike/as_val.h target/Darwin-arm64/include/aerospike/as_val.h
cp src/include/aerospike/as_std.h target/Darwin-arm64/include/aerospike/as_std.h
cp src/include/aerospike/as_aerospike.h target/Darwin-arm64/include/aerospike/as_aerospike.h
cp src/include/aerospike/as_orderedmap.h target/Darwin-arm64/include/aerospike/as_orderedmap.h
cp src/include/aerospike/as_module.h target/Darwin-arm64/include/aerospike/as_module.h
cp src/include/aerospike/as_rec.h target/Darwin-arm64/include/aerospike/as_rec.h
cp src/include/aerospike/as_map_iterator.h target/Darwin-arm64/include/aerospike/as_map_iterator.h
cp src/include/aerospike/as_monitor.h target/Darwin-arm64/include/aerospike/as_monitor.h
cp src/include/aerospike/as_vector.h target/Darwin-arm64/include/aerospike/as_vector.h
cp src/include/aerospike/as_boolean.h target/Darwin-arm64/include/aerospike/as_boolean.h
cp src/include/aerospike/as_msgpack_ext.h target/Darwin-arm64/include/aerospike/as_msgpack_ext.h
cp src/include/aerospike/as_timer.h target/Darwin-arm64/include/aerospike/as_timer.h
cp src/include/aerospike/as_msgpack_serializer.h target/Darwin-arm64/include/aerospike/as_msgpack_serializer.h
cp src/include/aerospike/ssl_util.h target/Darwin-arm64/include/aerospike/ssl_util.h
cp src/include/aerospike/as_random.h target/Darwin-arm64/include/aerospike/as_random.h
cp src/include/aerospike/as_string.h target/Darwin-arm64/include/aerospike/as_string.h
cp src/include/aerospike/as_atomic.h target/Darwin-arm64/include/aerospike/as_atomic.h
cp src/include/aerospike/as_map.h target/Darwin-arm64/include/aerospike/as_map.h
cp src/include/aerospike/as_udf_context.h target/Darwin-arm64/include/aerospike/as_udf_context.h
cp src/include/aerospike/as_bytes.h target/Darwin-arm64/include/aerospike/as_bytes.h
cp src/include/aerospike/as_thread.h target/Darwin-arm64/include/aerospike/as_thread.h
cp src/include/aerospike/as_atomic_gcc.h target/Darwin-arm64/include/aerospike/as_atomic_gcc.h
cp src/include/aerospike/as_buffer_pool.h target/Darwin-arm64/include/aerospike/as_buffer_pool.h
cp src/include/aerospike/as_arraylist.h target/Darwin-arm64/include/aerospike/as_arraylist.h
cp src/include/aerospike/as_buffer.h target/Darwin-arm64/include/aerospike/as_buffer.h
cp src/include/aerospike/as_log_macros.h target/Darwin-arm64/include/aerospike/as_log_macros.h
cp src/include/aerospike/as_queue.h target/Darwin-arm64/include/aerospike/as_queue.h
cp src/include/aerospike/as_double.h target/Darwin-arm64/include/aerospike/as_double.h
cp src/include/aerospike/as_list_iterator.h target/Darwin-arm64/include/aerospike/as_list_iterator.h
cp src/include/aerospike/as_integer.h target/Darwin-arm64/include/aerospike/as_integer.h
cp src/include/aerospike/as_atomic_win.h target/Darwin-arm64/include/aerospike/as_atomic_win.h
cp src/include/citrusleaf/cf_random.h target/Darwin-arm64/include/citrusleaf/cf_random.h
cp src/include/citrusleaf/cf_b64.h target/Darwin-arm64/include/citrusleaf/cf_b64.h
cp src/include/citrusleaf/cf_clock.h target/Darwin-arm64/include/citrusleaf/cf_clock.h
cp src/include/citrusleaf/cf_queue.h target/Darwin-arm64/include/citrusleaf/cf_queue.h
cp src/include/citrusleaf/cf_hash_math.h target/Darwin-arm64/include/citrusleaf/cf_hash_math.h
cp src/include/citrusleaf/cf_crypto.h target/Darwin-arm64/include/citrusleaf/cf_crypto.h
cp src/include/citrusleaf/cf_byte_order.h target/Darwin-arm64/include/citrusleaf/cf_byte_order.h
cp src/include/citrusleaf/cf_digest.h target/Darwin-arm64/include/citrusleaf/cf_digest.h
cp src/include/citrusleaf/cf_ll.h target/Darwin-arm64/include/citrusleaf/cf_ll.h
cp src/include/citrusleaf/alloc.h target/Darwin-arm64/include/citrusleaf/alloc.h
ar rcs target/Darwin-arm64/lib/libmod_lua.a target/Darwin-arm64/obj/mod_lua.o target/Darwin-arm64/obj/mod_lua_aerospike.o target/Darwin-arm64/obj/mod_lua_bytes.o target/Darwin-arm64/obj/mod_lua_geojson.o target/Darwin-arm64/obj/mod_lua_iterator.o target/Darwin-arm64/obj/mod_lua_list.o target/Darwin-arm64/obj/mod_lua_map.o target/Darwin-arm64/obj/mod_lua_record.o target/Darwin-arm64/obj/mod_lua_reg.o target/Darwin-arm64/obj/mod_lua_stream.o target/Darwin-arm64/obj/mod_lua_system.o target/Darwin-arm64/obj/mod_lua_val.o
cc -dynamiclib -Isrc/include -I/Users/hugjobk/workspaces/birdeye/aerospike-client-nodejs/aerospike-client-c/modules/common/src/include -I/Users/hugjobk/workspaces/birdeye/aerospike-client-nodejs/aerospike-client-c/modules/lua -undefined dynamic_lookup -o target/Darwin-arm64/lib/libmod_lua.dylib target/Darwin-arm64/obj/mod_lua.o target/Darwin-arm64/obj/mod_lua_aerospike.o target/Darwin-arm64/obj/mod_lua_bytes.o target/Darwin-arm64/obj/mod_lua_geojson.o target/Darwin-arm64/obj/mod_lua_iterator.o target/Darwin-arm64/obj/mod_lua_list.o target/Darwin-arm64/obj/mod_lua_map.o target/Darwin-arm64/obj/mod_lua_record.o target/Darwin-arm64/obj/mod_lua_reg.o target/Darwin-arm64/obj/mod_lua_stream.o target/Darwin-arm64/obj/mod_lua_system.o target/Darwin-arm64/obj/mod_lua_val.o
cp -p src/include/aerospike/mod_lua_aerospike.h target/Darwin-arm64/include/aerospike/mod_lua_aerospike.h
cp -p src/include/aerospike/mod_lua_bytes.h target/Darwin-arm64/include/aerospike/mod_lua_bytes.h
cp -p src/include/aerospike/mod_lua_config.h target/Darwin-arm64/include/aerospike/mod_lua_config.h
cp -p src/include/aerospike/mod_lua_geojson.h target/Darwin-arm64/include/aerospike/mod_lua_geojson.h
cp -p src/include/aerospike/mod_lua_iterator.h target/Darwin-arm64/include/aerospike/mod_lua_iterator.h
cp -p src/include/aerospike/mod_lua_list.h target/Darwin-arm64/include/aerospike/mod_lua_list.h
cp -p src/include/aerospike/mod_lua_map.h target/Darwin-arm64/include/aerospike/mod_lua_map.h
cp -p src/include/aerospike/mod_lua_record.h target/Darwin-arm64/include/aerospike/mod_lua_record.h
cp -p src/include/aerospike/mod_lua_reg.h target/Darwin-arm64/include/aerospike/mod_lua_reg.h
cp -p src/include/aerospike/mod_lua_stream.h target/Darwin-arm64/include/aerospike/mod_lua_stream.h
cp -p src/include/aerospike/mod_lua_val.h target/Darwin-arm64/include/aerospike/mod_lua_val.h
cp -p src/include/aerospike/mod_lua.h target/Darwin-arm64/include/aerospike/mod_lua.h
cp /Users/hugjobk/workspaces/birdeye/aerospike-client-nodejs/aerospike-client-c/modules/common/src/include/aerospike/as_aerospike.h target/Darwin-arm64/include/aerospike/as_aerospike.h
cp /Users/hugjobk/workspaces/birdeye/aerospike-client-nodejs/aerospike-client-c/modules/common/src/include/aerospike/as_arch.h target/Darwin-arm64/include/aerospike/as_arch.h
cp /Users/hugjobk/workspaces/birdeye/aerospike-client-nodejs/aerospike-client-c/modules/common/src/include/aerospike/as_arraylist_iterator.h target/Darwin-arm64/include/aerospike/as_arraylist_iterator.h
cp /Users/hugjobk/workspaces/birdeye/aerospike-client-nodejs/aerospike-client-c/modules/common/src/include/aerospike/as_arraylist.h target/Darwin-arm64/include/aerospike/as_arraylist.h
cp /Users/hugjobk/workspaces/birdeye/aerospike-client-nodejs/aerospike-client-c/modules/common/src/include/aerospike/as_atomic_gcc.h target/Darwin-arm64/include/aerospike/as_atomic_gcc.h
cp /Users/hugjobk/workspaces/birdeye/aerospike-client-nodejs/aerospike-client-c/modules/common/src/include/aerospike/as_atomic_win.h target/Darwin-arm64/include/aerospike/as_atomic_win.h
cp /Users/hugjobk/workspaces/birdeye/aerospike-client-nodejs/aerospike-client-c/modules/common/src/include/aerospike/as_atomic.h target/Darwin-arm64/include/aerospike/as_atomic.h
cp /Users/hugjobk/workspaces/birdeye/aerospike-client-nodejs/aerospike-client-c/modules/common/src/include/aerospike/as_boolean.h target/Darwin-arm64/include/aerospike/as_boolean.h
cp /Users/hugjobk/workspaces/birdeye/aerospike-client-nodejs/aerospike-client-c/modules/common/src/include/aerospike/as_buffer_pool.h target/Darwin-arm64/include/aerospike/as_buffer_pool.h
cp /Users/hugjobk/workspaces/birdeye/aerospike-client-nodejs/aerospike-client-c/modules/common/src/include/aerospike/as_buffer.h target/Darwin-arm64/include/aerospike/as_buffer.h
cp /Users/hugjobk/workspaces/birdeye/aerospike-client-nodejs/aerospike-client-c/modules/common/src/include/aerospike/as_bytes.h target/Darwin-arm64/include/aerospike/as_bytes.h
cp /Users/hugjobk/workspaces/birdeye/aerospike-client-nodejs/aerospike-client-c/modules/common/src/include/aerospike/as_dir.h target/Darwin-arm64/include/aerospike/as_dir.h
cp /Users/hugjobk/workspaces/birdeye/aerospike-client-nodejs/aerospike-client-c/modules/common/src/include/aerospike/as_double.h target/Darwin-arm64/include/aerospike/as_double.h
cp /Users/hugjobk/workspaces/birdeye/aerospike-client-nodejs/aerospike-client-c/modules/common/src/include/aerospike/as_geojson.h target/Darwin-arm64/include/aerospike/as_geojson.h
cp /Users/hugjobk/workspaces/birdeye/aerospike-client-nodejs/aerospike-client-c/modules/common/src/include/aerospike/as_hashmap_iterator.h target/Darwin-arm64/include/aerospike/as_hashmap_iterator.h
cp /Users/hugjobk/workspaces/birdeye/aerospike-client-nodejs/aerospike-client-c/modules/common/src/include/aerospike/as_hashmap.h target/Darwin-arm64/include/aerospike/as_hashmap.h
cp /Users/hugjobk/workspaces/birdeye/aerospike-client-nodejs/aerospike-client-c/modules/common/src/include/aerospike/as_integer.h target/Darwin-arm64/include/aerospike/as_integer.h
cp /Users/hugjobk/workspaces/birdeye/aerospike-client-nodejs/aerospike-client-c/modules/common/src/include/aerospike/as_iterator.h target/Darwin-arm64/include/aerospike/as_iterator.h
cp /Users/hugjobk/workspaces/birdeye/aerospike-client-nodejs/aerospike-client-c/modules/common/src/include/aerospike/as_list_iterator.h target/Darwin-arm64/include/aerospike/as_list_iterator.h
cp /Users/hugjobk/workspaces/birdeye/aerospike-client-nodejs/aerospike-client-c/modules/common/src/include/aerospike/as_list.h target/Darwin-arm64/include/aerospike/as_list.h
cp /Users/hugjobk/workspaces/birdeye/aerospike-client-nodejs/aerospike-client-c/modules/common/src/include/aerospike/as_log_macros.h target/Darwin-arm64/include/aerospike/as_log_macros.h
cp /Users/hugjobk/workspaces/birdeye/aerospike-client-nodejs/aerospike-client-c/modules/common/src/include/aerospike/as_log.h target/Darwin-arm64/include/aerospike/as_log.h
cp /Users/hugjobk/workspaces/birdeye/aerospike-client-nodejs/aerospike-client-c/modules/common/src/include/aerospike/as_map_iterator.h target/Darwin-arm64/include/aerospike/as_map_iterator.h
cp /Users/hugjobk/workspaces/birdeye/aerospike-client-nodejs/aerospike-client-c/modules/common/src/include/aerospike/as_map.h target/Darwin-arm64/include/aerospike/as_map.h
cp /Users/hugjobk/workspaces/birdeye/aerospike-client-nodejs/aerospike-client-c/modules/common/src/include/aerospike/as_module.h target/Darwin-arm64/include/aerospike/as_module.h
cp /Users/hugjobk/workspaces/birdeye/aerospike-client-nodejs/aerospike-client-c/modules/common/src/include/aerospike/as_monitor.h target/Darwin-arm64/include/aerospike/as_monitor.h
cp /Users/hugjobk/workspaces/birdeye/aerospike-client-nodejs/aerospike-client-c/modules/common/src/include/aerospike/as_msgpack_ext.h target/Darwin-arm64/include/aerospike/as_msgpack_ext.h
cp /Users/hugjobk/workspaces/birdeye/aerospike-client-nodejs/aerospike-client-c/modules/common/src/include/aerospike/as_msgpack_serializer.h target/Darwin-arm64/include/aerospike/as_msgpack_serializer.h
cp /Users/hugjobk/workspaces/birdeye/aerospike-client-nodejs/aerospike-client-c/modules/common/src/include/aerospike/as_msgpack.h target/Darwin-arm64/include/aerospike/as_msgpack.h
cp /Users/hugjobk/workspaces/birdeye/aerospike-client-nodejs/aerospike-client-c/modules/common/src/include/aerospike/as_nil.h target/Darwin-arm64/include/aerospike/as_nil.h
cp /Users/hugjobk/workspaces/birdeye/aerospike-client-nodejs/aerospike-client-c/modules/common/src/include/aerospike/as_orderedmap.h target/Darwin-arm64/include/aerospike/as_orderedmap.h
cp /Users/hugjobk/workspaces/birdeye/aerospike-client-nodejs/aerospike-client-c/modules/common/src/include/aerospike/as_pair.h target/Darwin-arm64/include/aerospike/as_pair.h
cp /Users/hugjobk/workspaces/birdeye/aerospike-client-nodejs/aerospike-client-c/modules/common/src/include/aerospike/as_password.h target/Darwin-arm64/include/aerospike/as_password.h
cp /Users/hugjobk/workspaces/birdeye/aerospike-client-nodejs/aerospike-client-c/modules/common/src/include/aerospike/as_queue_mt.h target/Darwin-arm64/include/aerospike/as_queue_mt.h
cp /Users/hugjobk/workspaces/birdeye/aerospike-client-nodejs/aerospike-client-c/modules/common/src/include/aerospike/as_queue.h target/Darwin-arm64/include/aerospike/as_queue.h
cp /Users/hugjobk/workspaces/birdeye/aerospike-client-nodejs/aerospike-client-c/modules/common/src/include/aerospike/as_random.h target/Darwin-arm64/include/aerospike/as_random.h
cp /Users/hugjobk/workspaces/birdeye/aerospike-client-nodejs/aerospike-client-c/modules/common/src/include/aerospike/as_rec.h target/Darwin-arm64/include/aerospike/as_rec.h
cp /Users/hugjobk/workspaces/birdeye/aerospike-client-nodejs/aerospike-client-c/modules/common/src/include/aerospike/as_result.h target/Darwin-arm64/include/aerospike/as_result.h
cp /Users/hugjobk/workspaces/birdeye/aerospike-client-nodejs/aerospike-client-c/modules/common/src/include/aerospike/as_serializer.h target/Darwin-arm64/include/aerospike/as_serializer.h
cp /Users/hugjobk/workspaces/birdeye/aerospike-client-nodejs/aerospike-client-c/modules/common/src/include/aerospike/as_sleep.h target/Darwin-arm64/include/aerospike/as_sleep.h
cp /Users/hugjobk/workspaces/birdeye/aerospike-client-nodejs/aerospike-client-c/modules/common/src/include/aerospike/as_std.h target/Darwin-arm64/include/aerospike/as_std.h
cp /Users/hugjobk/workspaces/birdeye/aerospike-client-nodejs/aerospike-client-c/modules/common/src/include/aerospike/as_stream.h target/Darwin-arm64/include/aerospike/as_stream.h
cp /Users/hugjobk/workspaces/birdeye/aerospike-client-nodejs/aerospike-client-c/modules/common/src/include/aerospike/as_string_builder.h target/Darwin-arm64/include/aerospike/as_string_builder.h
cp /Users/hugjobk/workspaces/birdeye/aerospike-client-nodejs/aerospike-client-c/modules/common/src/include/aerospike/as_string.h target/Darwin-arm64/include/aerospike/as_string.h
cp /Users/hugjobk/workspaces/birdeye/aerospike-client-nodejs/aerospike-client-c/modules/common/src/include/aerospike/as_stringmap.h target/Darwin-arm64/include/aerospike/as_stringmap.h
cp /Users/hugjobk/workspaces/birdeye/aerospike-client-nodejs/aerospike-client-c/modules/common/src/include/aerospike/as_thread_pool.h target/Darwin-arm64/include/aerospike/as_thread_pool.h
cp /Users/hugjobk/workspaces/birdeye/aerospike-client-nodejs/aerospike-client-c/modules/common/src/include/aerospike/as_thread.h target/Darwin-arm64/include/aerospike/as_thread.h
cp /Users/hugjobk/workspaces/birdeye/aerospike-client-nodejs/aerospike-client-c/modules/common/src/include/aerospike/as_timer.h target/Darwin-arm64/include/aerospike/as_timer.h
cp /Users/hugjobk/workspaces/birdeye/aerospike-client-nodejs/aerospike-client-c/modules/common/src/include/aerospike/as_types.h target/Darwin-arm64/include/aerospike/as_types.h
cp /Users/hugjobk/workspaces/birdeye/aerospike-client-nodejs/aerospike-client-c/modules/common/src/include/aerospike/as_udf_context.h target/Darwin-arm64/include/aerospike/as_udf_context.h
cp /Users/hugjobk/workspaces/birdeye/aerospike-client-nodejs/aerospike-client-c/modules/common/src/include/aerospike/as_util.h target/Darwin-arm64/include/aerospike/as_util.h
cp /Users/hugjobk/workspaces/birdeye/aerospike-client-nodejs/aerospike-client-c/modules/common/src/include/aerospike/as_val.h target/Darwin-arm64/include/aerospike/as_val.h
cp /Users/hugjobk/workspaces/birdeye/aerospike-client-nodejs/aerospike-client-c/modules/common/src/include/aerospike/as_vector.h target/Darwin-arm64/include/aerospike/as_vector.h
cp /Users/hugjobk/workspaces/birdeye/aerospike-client-nodejs/aerospike-client-c/modules/common/src/include/aerospike/ssl_util.h target/Darwin-arm64/include/aerospike/ssl_util.h
cp /Users/hugjobk/workspaces/birdeye/aerospike-client-nodejs/aerospike-client-c/modules/common/src/include/citrusleaf/alloc.h target/Darwin-arm64/include/citrusleaf/alloc.h
cp /Users/hugjobk/workspaces/birdeye/aerospike-client-nodejs/aerospike-client-c/modules/common/src/include/citrusleaf/cf_b64.h target/Darwin-arm64/include/citrusleaf/cf_b64.h
cp /Users/hugjobk/workspaces/birdeye/aerospike-client-nodejs/aerospike-client-c/modules/common/src/include/citrusleaf/cf_byte_order.h target/Darwin-arm64/include/citrusleaf/cf_byte_order.h
cp /Users/hugjobk/workspaces/birdeye/aerospike-client-nodejs/aerospike-client-c/modules/common/src/include/citrusleaf/cf_clock.h target/Darwin-arm64/include/citrusleaf/cf_clock.h
cp /Users/hugjobk/workspaces/birdeye/aerospike-client-nodejs/aerospike-client-c/modules/common/src/include/citrusleaf/cf_ll.h target/Darwin-arm64/include/citrusleaf/cf_ll.h
cp /Users/hugjobk/workspaces/birdeye/aerospike-client-nodejs/aerospike-client-c/modules/common/src/include/citrusleaf/cf_queue.h target/Darwin-arm64/include/citrusleaf/cf_queue.h
/Library/Developer/CommandLineTools/usr/bin/make -e -C /Users/hugjobk/workspaces/birdeye/aerospike-client-nodejs/aerospike-client-c/modules/common prepare
make[1]: Nothing to be done for `prepare'.
cc -Isrc/include -I/Users/hugjobk/workspaces/birdeye/aerospike-client-nodejs/aerospike-client-c/modules/common/src/include -I/Users/hugjobk/workspaces/birdeye/aerospike-client-nodejs/aerospike-client-c/modules/mod-lua/src/include -I/Users/hugjobk/workspaces/birdeye/aerospike-client-nodejs/aerospike-client-c/modules/lua -std=gnu99 -g -Wall -fPIC -O3 -fno-common -fno-strict-aliasing -D_FILE_OFFSET_BITS=64 -D_REENTRANT -D_GNU_SOURCE -I/usr/local/opt/libuv/include -DAS_USE_LIBUV -D_DARWIN_UNLIMITED_SELECT -I/usr/local/include -I/opt/homebrew/include -I/opt/homebrew/opt/openssl/include -o target/Darwin-arm64/obj/aerospike/_bin.o -c src/main/aerospike/_bin.c
cc -Isrc/include -I/Users/hugjobk/workspaces/birdeye/aerospike-client-nodejs/aerospike-client-c/modules/common/src/include -I/Users/hugjobk/workspaces/birdeye/aerospike-client-nodejs/aerospike-client-c/modules/mod-lua/src/include -I/Users/hugjobk/workspaces/birdeye/aerospike-client-nodejs/aerospike-client-c/modules/lua -std=gnu99 -g -Wall -fPIC -O3 -fno-common -fno-strict-aliasing -D_FILE_OFFSET_BITS=64 -D_REENTRANT -D_GNU_SOURCE -I/usr/local/opt/libuv/include -DAS_USE_LIBUV -D_DARWIN_UNLIMITED_SELECT -I/usr/local/include -I/opt/homebrew/include -I/opt/homebrew/opt/openssl/include -o target/Darwin-arm64/obj/aerospike/aerospike.o -c src/main/aerospike/aerospike.c
cc -Isrc/include -I/Users/hugjobk/workspaces/birdeye/aerospike-client-nodejs/aerospike-client-c/modules/common/src/include -I/Users/hugjobk/workspaces/birdeye/aerospike-client-nodejs/aerospike-client-c/modules/mod-lua/src/include -I/Users/hugjobk/workspaces/birdeye/aerospike-client-nodejs/aerospike-client-c/modules/lua -std=gnu99 -g -Wall -fPIC -O3 -fno-common -fno-strict-aliasing -D_FILE_OFFSET_BITS=64 -D_REENTRANT -D_GNU_SOURCE -I/usr/local/opt/libuv/include -DAS_USE_LIBUV -D_DARWIN_UNLIMITED_SELECT -I/usr/local/include -I/opt/homebrew/include -I/opt/homebrew/opt/openssl/include -o target/Darwin-arm64/obj/aerospike/aerospike_batch.o -c src/main/aerospike/aerospike_batch.c
cc -Isrc/include -I/Users/hugjobk/workspaces/birdeye/aerospike-client-nodejs/aerospike-client-c/modules/common/src/include -I/Users/hugjobk/workspaces/birdeye/aerospike-client-nodejs/aerospike-client-c/modules/mod-lua/src/include -I/Users/hugjobk/workspaces/birdeye/aerospike-client-nodejs/aerospike-client-c/modules/lua -std=gnu99 -g -Wall -fPIC -O3 -fno-common -fno-strict-aliasing -D_FILE_OFFSET_BITS=64 -D_REENTRANT -D_GNU_SOURCE -I/usr/local/opt/libuv/include -DAS_USE_LIBUV -D_DARWIN_UNLIMITED_SELECT -I/usr/local/include -I/opt/homebrew/include -I/opt/homebrew/opt/openssl/include -o target/Darwin-arm64/obj/aerospike/aerospike_index.o -c src/main/aerospike/aerospike_index.c
cc -Isrc/include -I/Users/hugjobk/workspaces/birdeye/aerospike-client-nodejs/aerospike-client-c/modules/common/src/include -I/Users/hugjobk/workspaces/birdeye/aerospike-client-nodejs/aerospike-client-c/modules/mod-lua/src/include -I/Users/hugjobk/workspaces/birdeye/aerospike-client-nodejs/aerospike-client-c/modules/lua -std=gnu99 -g -Wall -fPIC -O3 -fno-common -fno-strict-aliasing -D_FILE_OFFSET_BITS=64 -D_REENTRANT -D_GNU_SOURCE -I/usr/local/opt/libuv/include -DAS_USE_LIBUV -D_DARWIN_UNLIMITED_SELECT -I/usr/local/include -I/opt/homebrew/include -I/opt/homebrew/opt/openssl/include -o target/Darwin-arm64/obj/aerospike/aerospike_info.o -c src/main/aerospike/aerospike_info.c
cc -Isrc/include -I/Users/hugjobk/workspaces/birdeye/aerospike-client-nodejs/aerospike-client-c/modules/common/src/include -I/Users/hugjobk/workspaces/birdeye/aerospike-client-nodejs/aerospike-client-c/modules/mod-lua/src/include -I/Users/hugjobk/workspaces/birdeye/aerospike-client-nodejs/aerospike-client-c/modules/lua -std=gnu99 -g -Wall -fPIC -O3 -fno-common -fno-strict-aliasing -D_FILE_OFFSET_BITS=64 -D_REENTRANT -D_GNU_SOURCE -I/usr/local/opt/libuv/include -DAS_USE_LIBUV -D_DARWIN_UNLIMITED_SELECT -I/usr/local/include -I/opt/homebrew/include -I/opt/homebrew/opt/openssl/include -o target/Darwin-arm64/obj/aerospike/aerospike_key.o -c src/main/aerospike/aerospike_key.c
cc -Isrc/include -I/Users/hugjobk/workspaces/birdeye/aerospike-client-nodejs/aerospike-client-c/modules/common/src/include -I/Users/hugjobk/workspaces/birdeye/aerospike-client-nodejs/aerospike-client-c/modules/mod-lua/src/include -I/Users/hugjobk/workspaces/birdeye/aerospike-client-nodejs/aerospike-client-c/modules/lua -std=gnu99 -g -Wall -fPIC -O3 -fno-common -fno-strict-aliasing -D_FILE_OFFSET_BITS=64 -D_REENTRANT -D_GNU_SOURCE -I/usr/local/opt/libuv/include -DAS_USE_LIBUV -D_DARWIN_UNLIMITED_SELECT -I/usr/local/include -I/opt/homebrew/include -I/opt/homebrew/opt/openssl/include -o target/Darwin-arm64/obj/aerospike/aerospike_query.o -c src/main/aerospike/aerospike_query.c
cc -Isrc/include -I/Users/hugjobk/workspaces/birdeye/aerospike-client-nodejs/aerospike-client-c/modules/common/src/include -I/Users/hugjobk/workspaces/birdeye/aerospike-client-nodejs/aerospike-client-c/modules/mod-lua/src/include -I/Users/hugjobk/workspaces/birdeye/aerospike-client-nodejs/aerospike-client-c/modules/lua -std=gnu99 -g -Wall -fPIC -O3 -fno-common -fno-strict-aliasing -D_FILE_OFFSET_BITS=64 -D_REENTRANT -D_GNU_SOURCE -I/usr/local/opt/libuv/include -DAS_USE_LIBUV -D_DARWIN_UNLIMITED_SELECT -I/usr/local/include -I/opt/homebrew/include -I/opt/homebrew/opt/openssl/include -o target/Darwin-arm64/obj/aerospike/aerospike_scan.o -c src/main/aerospike/aerospike_scan.c
cc -Isrc/include -I/Users/hugjobk/workspaces/birdeye/aerospike-client-nodejs/aerospike-client-c/modules/common/src/include -I/Users/hugjobk/workspaces/birdeye/aerospike-client-nodejs/aerospike-client-c/modules/mod-lua/src/include -I/Users/hugjobk/workspaces/birdeye/aerospike-client-nodejs/aerospike-client-c/modules/lua -std=gnu99 -g -Wall -fPIC -O3 -fno-common -fno-strict-aliasing -D_FILE_OFFSET_BITS=64 -D_REENTRANT -D_GNU_SOURCE -I/usr/local/opt/libuv/include -DAS_USE_LIBUV -D_DARWIN_UNLIMITED_SELECT -I/usr/local/include -I/opt/homebrew/include -I/opt/homebrew/opt/openssl/include -o target/Darwin-arm64/obj/aerospike/aerospike_stats.o -c src/main/aerospike/aerospike_stats.c
cc -Isrc/include -I/Users/hugjobk/workspaces/birdeye/aerospike-client-nodejs/aerospike-client-c/modules/common/src/include -I/Users/hugjobk/workspaces/birdeye/aerospike-client-nodejs/aerospike-client-c/modules/mod-lua/src/include -I/Users/hugjobk/workspaces/birdeye/aerospike-client-nodejs/aerospike-client-c/modules/lua -std=gnu99 -g -Wall -fPIC -O3 -fno-common -fno-strict-aliasing -D_FILE_OFFSET_BITS=64 -D_REENTRANT -D_GNU_SOURCE -I/usr/local/opt/libuv/include -DAS_USE_LIBUV -D_DARWIN_UNLIMITED_SELECT -I/usr/local/include -I/opt/homebrew/include -I/opt/homebrew/opt/openssl/include -o target/Darwin-arm64/obj/aerospike/aerospike_txn.o -c src/main/aerospike/aerospike_txn.c
cc -Isrc/include -I/Users/hugjobk/workspaces/birdeye/aerospike-client-nodejs/aerospike-client-c/modules/common/src/include -I/Users/hugjobk/workspaces/birdeye/aerospike-client-nodejs/aerospike-client-c/modules/mod-lua/src/include -I/Users/hugjobk/workspaces/birdeye/aerospike-client-nodejs/aerospike-client-c/modules/lua -std=gnu99 -g -Wall -fPIC -O3 -fno-common -fno-strict-aliasing -D_FILE_OFFSET_BITS=64 -D_REENTRANT -D_GNU_SOURCE -I/usr/local/opt/libuv/include -DAS_USE_LIBUV -D_DARWIN_UNLIMITED_SELECT -I/usr/local/include -I/opt/homebrew/include -I/opt/homebrew/opt/openssl/include -o target/Darwin-arm64/obj/aerospike/aerospike_udf.o -c src/main/aerospike/aerospike_udf.c
cc -Isrc/include -I/Users/hugjobk/workspaces/birdeye/aerospike-client-nodejs/aerospike-client-c/modules/common/src/include -I/Users/hugjobk/workspaces/birdeye/aerospike-client-nodejs/aerospike-client-c/modules/mod-lua/src/include -I/Users/hugjobk/workspaces/birdeye/aerospike-client-nodejs/aerospike-client-c/modules/lua -std=gnu99 -g -Wall -fPIC -O3 -fno-common -fno-strict-aliasing -D_FILE_OFFSET_BITS=64 -D_REENTRANT -D_GNU_SOURCE -I/usr/local/opt/libuv/include -DAS_USE_LIBUV -D_DARWIN_UNLIMITED_SELECT -I/usr/local/include -I/opt/homebrew/include -I/opt/homebrew/opt/openssl/include -o target/Darwin-arm64/obj/aerospike/as_address.o -c src/main/aerospike/as_address.c
cc -Isrc/include -I/Users/hugjobk/workspaces/birdeye/aerospike-client-nodejs/aerospike-client-c/modules/common/src/include -I/Users/hugjobk/workspaces/birdeye/aerospike-client-nodejs/aerospike-client-c/modules/mod-lua/src/include -I/Users/hugjobk/workspaces/birdeye/aerospike-client-nodejs/aerospike-client-c/modules/lua -std=gnu99 -g -Wall -fPIC -O3 -fno-common -fno-strict-aliasing -D_FILE_OFFSET_BITS=64 -D_REENTRANT -D_GNU_SOURCE -I/usr/local/opt/libuv/include -DAS_USE_LIBUV -D_DARWIN_UNLIMITED_SELECT -I/usr/local/include -I/opt/homebrew/include -I/opt/homebrew/opt/openssl/include -o target/Darwin-arm64/obj/aerospike/as_admin.o -c src/main/aerospike/as_admin.c
cc -Isrc/include -I/Users/hugjobk/workspaces/birdeye/aerospike-client-nodejs/aerospike-client-c/modules/common/src/include -I/Users/hugjobk/workspaces/birdeye/aerospike-client-nodejs/aerospike-client-c/modules/mod-lua/src/include -I/Users/hugjobk/workspaces/birdeye/aerospike-client-nodejs/aerospike-client-c/modules/lua -std=gnu99 -g -Wall -fPIC -O3 -fno-common -fno-strict-aliasing -D_FILE_OFFSET_BITS=64 -D_REENTRANT -D_GNU_SOURCE -I/usr/local/opt/libuv/include -DAS_USE_LIBUV -D_DARWIN_UNLIMITED_SELECT -I/usr/local/include -I/opt/homebrew/include -I/opt/homebrew/opt/openssl/include -o target/Darwin-arm64/obj/aerospike/as_async.o -c src/main/aerospike/as_async.c
cc -Isrc/include -I/Users/hugjobk/workspaces/birdeye/aerospike-client-nodejs/aerospike-client-c/modules/common/src/include -I/Users/hugjobk/workspaces/birdeye/aerospike-client-nodejs/aerospike-client-c/modules/mod-lua/src/include -I/Users/hugjobk/workspaces/birdeye/aerospike-client-nodejs/aerospike-client-c/modules/lua -std=gnu99 -g -Wall -fPIC -O3 -fno-common -fno-strict-aliasing -D_FILE_OFFSET_BITS=64 -D_REENTRANT -D_GNU_SOURCE -I/usr/local/opt/libuv/include -DAS_USE_LIBUV -D_DARWIN_UNLIMITED_SELECT -I/usr/local/include -I/opt/homebrew/include -I/opt/homebrew/opt/openssl/include -o target/Darwin-arm64/obj/aerospike/as_batch.o -c src/main/aerospike/as_batch.c
cc -Isrc/include -I/Users/hugjobk/workspaces/birdeye/aerospike-client-nodejs/aerospike-client-c/modules/common/src/include -I/Users/hugjobk/workspaces/birdeye/aerospike-client-nodejs/aerospike-client-c/modules/mod-lua/src/include -I/Users/hugjobk/workspaces/birdeye/aerospike-client-nodejs/aerospike-client-c/modules/lua -std=gnu99 -g -Wall -fPIC -O3 -fno-common -fno-strict-aliasing -D_FILE_OFFSET_BITS=64 -D_REENTRANT -D_GNU_SOURCE -I/usr/local/opt/libuv/include -DAS_USE_LIBUV -D_DARWIN_UNLIMITED_SELECT -I/usr/local/include -I/opt/homebrew/include -I/opt/homebrew/opt/openssl/include -o target/Darwin-arm64/obj/aerospike/as_bit_operations.o -c src/main/aerospike/as_bit_operations.c
cc -Isrc/include -I/Users/hugjobk/workspaces/birdeye/aerospike-client-nodejs/aerospike-client-c/modules/common/src/include -I/Users/hugjobk/workspaces/birdeye/aerospike-client-nodejs/aerospike-client-c/modules/mod-lua/src/include -I/Users/hugjobk/workspaces/birdeye/aerospike-client-nodejs/aerospike-client-c/modules/lua -std=gnu99 -g -Wall -fPIC -O3 -fno-common -fno-strict-aliasing -D_FILE_OFFSET_BITS=64 -D_REENTRANT -D_GNU_SOURCE -I/usr/local/opt/libuv/include -DAS_USE_LIBUV -D_DARWIN_UNLIMITED_SELECT -I/usr/local/include -I/opt/homebrew/include -I/opt/homebrew/opt/openssl/include -o target/Darwin-arm64/obj/aerospike/as_cdt_ctx.o -c src/main/aerospike/as_cdt_ctx.c
cc -Isrc/include -I/Users/hugjobk/workspaces/birdeye/aerospike-client-nodejs/aerospike-client-c/modules/common/src/include -I/Users/hugjobk/workspaces/birdeye/aerospike-client-nodejs/aerospike-client-c/modules/mod-lua/src/include -I/Users/hugjobk/workspaces/birdeye/aerospike-client-nodejs/aerospike-client-c/modules/lua -std=gnu99 -g -Wall -fPIC -O3 -fno-common -fno-strict-aliasing -D_FILE_OFFSET_BITS=64 -D_REENTRANT -D_GNU_SOURCE -I/usr/local/opt/libuv/include -DAS_USE_LIBUV -D_DARWIN_UNLIMITED_SELECT -I/usr/local/include -I/opt/homebrew/include -I/opt/homebrew/opt/openssl/include -o target/Darwin-arm64/obj/aerospike/as_cdt_internal.o -c src/main/aerospike/as_cdt_internal.c
cc -Isrc/include -I/Users/hugjobk/workspaces/birdeye/aerospike-client-nodejs/aerospike-client-c/modules/common/src/include -I/Users/hugjobk/workspaces/birdeye/aerospike-client-nodejs/aerospike-client-c/modules/mod-lua/src/include -I/Users/hugjobk/workspaces/birdeye/aerospike-client-nodejs/aerospike-client-c/modules/lua -std=gnu99 -g -Wall -fPIC -O3 -fno-common -fno-strict-aliasing -D_FILE_OFFSET_BITS=64 -D_REENTRANT -D_GNU_SOURCE -I/usr/local/opt/libuv/include -DAS_USE_LIBUV -D_DARWIN_UNLIMITED_SELECT -I/usr/local/include -I/opt/homebrew/include -I/opt/homebrew/opt/openssl/include -o target/Darwin-arm64/obj/aerospike/as_command.o -c src/main/aerospike/as_command.c
cc -Isrc/include -I/Users/hugjobk/workspaces/birdeye/aerospike-client-nodejs/aerospike-client-c/modules/common/src/include -I/Users/hugjobk/workspaces/birdeye/aerospike-client-nodejs/aerospike-client-c/modules/mod-lua/src/include -I/Users/hugjobk/workspaces/birdeye/aerospike-client-nodejs/aerospike-client-c/modules/lua -std=gnu99 -g -Wall -fPIC -O3 -fno-common -fno-strict-aliasing -D_FILE_OFFSET_BITS=64 -D_REENTRANT -D_GNU_SOURCE -I/usr/local/opt/libuv/include -DAS_USE_LIBUV -D_DARWIN_UNLIMITED_SELECT -I/usr/local/include -I/opt/homebrew/include -I/opt/homebrew/opt/openssl/include -o target/Darwin-arm64/obj/aerospike/as_config.o -c src/main/aerospike/as_config.c
cc -Isrc/include -I/Users/hugjobk/workspaces/birdeye/aerospike-client-nodejs/aerospike-client-c/modules/common/src/include -I/Users/hugjobk/workspaces/birdeye/aerospike-client-nodejs/aerospike-client-c/modules/mod-lua/src/include -I/Users/hugjobk/workspaces/birdeye/aerospike-client-nodejs/aerospike-client-c/modules/lua -std=gnu99 -g -Wall -fPIC -O3 -fno-common -fno-strict-aliasing -D_FILE_OFFSET_BITS=64 -D_REENTRANT -D_GNU_SOURCE -I/usr/local/opt/libuv/include -DAS_USE_LIBUV -D_DARWIN_UNLIMITED_SELECT -I/usr/local/include -I/opt/homebrew/include -I/opt/homebrew/opt/openssl/include -o target/Darwin-arm64/obj/aerospike/as_config_file.o -c src/main/aerospike/as_config_file.c
cc -Isrc/include -I/Users/hugjobk/workspaces/birdeye/aerospike-client-nodejs/aerospike-client-c/modules/common/src/include -I/Users/hugjobk/workspaces/birdeye/aerospike-client-nodejs/aerospike-client-c/modules/mod-lua/src/include -I/Users/hugjobk/workspaces/birdeye/aerospike-client-nodejs/aerospike-client-c/modules/lua -std=gnu99 -g -Wall -fPIC -O3 -fno-common -fno-strict-aliasing -D_FILE_OFFSET_BITS=64 -D_REENTRANT -D_GNU_SOURCE -I/usr/local/opt/libuv/include -DAS_USE_LIBUV -D_DARWIN_UNLIMITED_SELECT -I/usr/local/include -I/opt/homebrew/include -I/opt/homebrew/opt/openssl/include -o target/Darwin-arm64/obj/aerospike/as_conn_recover.o -c src/main/aerospike/as_conn_recover.c
cc -Isrc/include -I/Users/hugjobk/workspaces/birdeye/aerospike-client-nodejs/aerospike-client-c/modules/common/src/include -I/Users/hugjobk/workspaces/birdeye/aerospike-client-nodejs/aerospike-client-c/modules/mod-lua/src/include -I/Users/hugjobk/workspaces/birdeye/aerospike-client-nodejs/aerospike-client-c/modules/lua -std=gnu99 -g -Wall -fPIC -O3 -fno-common -fno-strict-aliasing -D_FILE_OFFSET_BITS=64 -D_REENTRANT -D_GNU_SOURCE -I/usr/local/opt/libuv/include -DAS_USE_LIBUV -D_DARWIN_UNLIMITED_SELECT -I/usr/local/include -I/opt/homebrew/include -I/opt/homebrew/opt/openssl/include -o target/Darwin-arm64/obj/aerospike/as_cluster.o -c src/main/aerospike/as_cluster.c
cc -Isrc/include -I/Users/hugjobk/workspaces/birdeye/aerospike-client-nodejs/aerospike-client-c/modules/common/src/include -I/Users/hugjobk/workspaces/birdeye/aerospike-client-nodejs/aerospike-client-c/modules/mod-lua/src/include -I/Users/hugjobk/workspaces/birdeye/aerospike-client-nodejs/aerospike-client-c/modules/lua -std=gnu99 -g -Wall -fPIC -O3 -fno-common -fno-strict-aliasing -D_FILE_OFFSET_BITS=64 -D_REENTRANT -D_GNU_SOURCE -I/usr/local/opt/libuv/include -DAS_USE_LIBUV -D_DARWIN_UNLIMITED_SELECT -I/usr/local/include -I/opt/homebrew/include -I/opt/homebrew/opt/openssl/include -o target/Darwin-arm64/obj/aerospike/as_error.o -c src/main/aerospike/as_error.c
cc -Isrc/include -I/Users/hugjobk/workspaces/birdeye/aerospike-client-nodejs/aerospike-client-c/modules/common/src/include -I/Users/hugjobk/workspaces/birdeye/aerospike-client-nodejs/aerospike-client-c/modules/mod-lua/src/include -I/Users/hugjobk/workspaces/birdeye/aerospike-client-nodejs/aerospike-client-c/modules/lua -std=gnu99 -g -Wall -fPIC -O3 -fno-common -fno-strict-aliasing -D_FILE_OFFSET_BITS=64 -D_REENTRANT -D_GNU_SOURCE -I/usr/local/opt/libuv/include -DAS_USE_LIBUV -D_DARWIN_UNLIMITED_SELECT -I/usr/local/include -I/opt/homebrew/include -I/opt/homebrew/opt/openssl/include -o target/Darwin-arm64/obj/aerospike/as_event.o -c src/main/aerospike/as_event.c
cc -Isrc/include -I/Users/hugjobk/workspaces/birdeye/aerospike-client-nodejs/aerospike-client-c/modules/common/src/include -I/Users/hugjobk/workspaces/birdeye/aerospike-client-nodejs/aerospike-client-c/modules/mod-lua/src/include -I/Users/hugjobk/workspaces/birdeye/aerospike-client-nodejs/aerospike-client-c/modules/lua -std=gnu99 -g -Wall -fPIC -O3 -fno-common -fno-strict-aliasing -D_FILE_OFFSET_BITS=64 -D_REENTRANT -D_GNU_SOURCE -I/usr/local/opt/libuv/include -DAS_USE_LIBUV -D_DARWIN_UNLIMITED_SELECT -I/usr/local/include -I/opt/homebrew/include -I/opt/homebrew/opt/openssl/include -o target/Darwin-arm64/obj/aerospike/as_event_ev.o -c src/main/aerospike/as_event_ev.c
cc -Isrc/include -I/Users/hugjobk/workspaces/birdeye/aerospike-client-nodejs/aerospike-client-c/modules/common/src/include -I/Users/hugjobk/workspaces/birdeye/aerospike-client-nodejs/aerospike-client-c/modules/mod-lua/src/include -I/Users/hugjobk/workspaces/birdeye/aerospike-client-nodejs/aerospike-client-c/modules/lua -std=gnu99 -g -Wall -fPIC -O3 -fno-common -fno-strict-aliasing -D_FILE_OFFSET_BITS=64 -D_REENTRANT -D_GNU_SOURCE -I/usr/local/opt/libuv/include -DAS_USE_LIBUV -D_DARWIN_UNLIMITED_SELECT -I/usr/local/include -I/opt/homebrew/include -I/opt/homebrew/opt/openssl/include -o target/Darwin-arm64/obj/aerospike/as_event_uv.o -c src/main/aerospike/as_event_uv.c
cc -Isrc/include -I/Users/hugjobk/workspaces/birdeye/aerospike-client-nodejs/aerospike-client-c/modules/common/src/include -I/Users/hugjobk/workspaces/birdeye/aerospike-client-nodejs/aerospike-client-c/modules/mod-lua/src/include -I/Users/hugjobk/workspaces/birdeye/aerospike-client-nodejs/aerospike-client-c/modules/lua -std=gnu99 -g -Wall -fPIC -O3 -fno-common -fno-strict-aliasing -D_FILE_OFFSET_BITS=64 -D_REENTRANT -D_GNU_SOURCE -I/usr/local/opt/libuv/include -DAS_USE_LIBUV -D_DARWIN_UNLIMITED_SELECT -I/usr/local/include -I/opt/homebrew/include -I/opt/homebrew/opt/openssl/include -o target/Darwin-arm64/obj/aerospike/as_event_event.o -c src/main/aerospike/as_event_event.c
cc -Isrc/include -I/Users/hugjobk/workspaces/birdeye/aerospike-client-nodejs/aerospike-client-c/modules/common/src/include -I/Users/hugjobk/workspaces/birdeye/aerospike-client-nodejs/aerospike-client-c/modules/mod-lua/src/include -I/Users/hugjobk/workspaces/birdeye/aerospike-client-nodejs/aerospike-client-c/modules/lua -std=gnu99 -g -Wall -fPIC -O3 -fno-common -fno-strict-aliasing -D_FILE_OFFSET_BITS=64 -D_REENTRANT -D_GNU_SOURCE -I/usr/local/opt/libuv/include -DAS_USE_LIBUV -D_DARWIN_UNLIMITED_SELECT -I/usr/local/include -I/opt/homebrew/include -I/opt/homebrew/opt/openssl/include -o target/Darwin-arm64/obj/aerospike/as_event_none.o -c src/main/aerospike/as_event_none.c
cc -Isrc/include -I/Users/hugjobk/workspaces/birdeye/aerospike-client-nodejs/aerospike-client-c/modules/common/src/include -I/Users/hugjobk/workspaces/birdeye/aerospike-client-nodejs/aerospike-client-c/modules/mod-lua/src/include -I/Users/hugjobk/workspaces/birdeye/aerospike-client-nodejs/aerospike-client-c/modules/lua -std=gnu99 -g -Wall -fPIC -O3 -fno-common -fno-strict-aliasing -D_FILE_OFFSET_BITS=64 -D_REENTRANT -D_GNU_SOURCE -I/usr/local/opt/libuv/include -DAS_USE_LIBUV -D_DARWIN_UNLIMITED_SELECT -I/usr/local/include -I/opt/homebrew/include -I/opt/homebrew/opt/openssl/include -o target/Darwin-arm64/obj/aerospike/as_exp_operations.o -c src/main/aerospike/as_exp_operations.c
cc -Isrc/include -I/Users/hugjobk/workspaces/birdeye/aerospike-client-nodejs/aerospike-client-c/modules/common/src/include -I/Users/hugjobk/workspaces/birdeye/aerospike-client-nodejs/aerospike-client-c/modules/mod-lua/src/include -I/Users/hugjobk/workspaces/birdeye/aerospike-client-nodejs/aerospike-client-c/modules/lua -std=gnu99 -g -Wall -fPIC -O3 -fno-common -fno-strict-aliasing -D_FILE_OFFSET_BITS=64 -D_REENTRANT -D_GNU_SOURCE -I/usr/local/opt/libuv/include -DAS_USE_LIBUV -D_DARWIN_UNLIMITED_SELECT -I/usr/local/include -I/opt/homebrew/include -I/opt/homebrew/opt/openssl/include -o target/Darwin-arm64/obj/aerospike/as_exp.o -c src/main/aerospike/as_exp.c
cc -Isrc/include -I/Users/hugjobk/workspaces/birdeye/aerospike-client-nodejs/aerospike-client-c/modules/common/src/include -I/Users/hugjobk/workspaces/birdeye/aerospike-client-nodejs/aerospike-client-c/modules/mod-lua/src/include -I/Users/hugjobk/workspaces/birdeye/aerospike-client-nodejs/aerospike-client-c/modules/lua -std=gnu99 -g -Wall -fPIC -O3 -fno-common -fno-strict-aliasing -D_FILE_OFFSET_BITS=64 -D_REENTRANT -D_GNU_SOURCE -I/usr/local/opt/libuv/include -DAS_USE_LIBUV -D_DARWIN_UNLIMITED_SELECT -I/usr/local/include -I/opt/homebrew/include -I/opt/homebrew/opt/openssl/include -o target/Darwin-arm64/obj/aerospike/as_hll_operations.o -c src/main/aerospike/as_hll_operations.c
cc -Isrc/include -I/Users/hugjobk/workspaces/birdeye/aerospike-client-nodejs/aerospike-client-c/modules/common/src/include -I/Users/hugjobk/workspaces/birdeye/aerospike-client-nodejs/aerospike-client-c/modules/mod-lua/src/include -I/Users/hugjobk/workspaces/birdeye/aerospike-client-nodejs/aerospike-client-c/modules/lua -std=gnu99 -g -Wall -fPIC -O3 -fno-common -fno-strict-aliasing -D_FILE_OFFSET_BITS=64 -D_REENTRANT -D_GNU_SOURCE -I/usr/local/opt/libuv/include -DAS_USE_LIBUV -D_DARWIN_UNLIMITED_SELECT -I/usr/local/include -I/opt/homebrew/include -I/opt/homebrew/opt/openssl/include -o target/Darwin-arm64/obj/aerospike/as_host.o -c src/main/aerospike/as_host.c
cc -Isrc/include -I/Users/hugjobk/workspaces/birdeye/aerospike-client-nodejs/aerospike-client-c/modules/common/src/include -I/Users/hugjobk/workspaces/birdeye/aerospike-client-nodejs/aerospike-client-c/modules/mod-lua/src/include -I/Users/hugjobk/workspaces/birdeye/aerospike-client-nodejs/aerospike-client-c/modules/lua -std=gnu99 -g -Wall -fPIC -O3 -fno-common -fno-strict-aliasing -D_FILE_OFFSET_BITS=64 -D_REENTRANT -D_GNU_SOURCE -I/usr/local/opt/libuv/include -DAS_USE_LIBUV -D_DARWIN_UNLIMITED_SELECT -I/usr/local/include -I/opt/homebrew/include -I/opt/homebrew/opt/openssl/include -o target/Darwin-arm64/obj/aerospike/as_info.o -c src/main/aerospike/as_info.c
cc -Isrc/include -I/Users/hugjobk/workspaces/birdeye/aerospike-client-nodejs/aerospike-client-c/modules/common/src/include -I/Users/hugjobk/workspaces/birdeye/aerospike-client-nodejs/aerospike-client-c/modules/mod-lua/src/include -I/Users/hugjobk/workspaces/birdeye/aerospike-client-nodejs/aerospike-client-c/modules/lua -std=gnu99 -g -Wall -fPIC -O3 -fno-common -fno-strict-aliasing -D_FILE_OFFSET_BITS=64 -D_REENTRANT -D_GNU_SOURCE -I/usr/local/opt/libuv/include -DAS_USE_LIBUV -D_DARWIN_UNLIMITED_SELECT -I/usr/local/include -I/opt/homebrew/include -I/opt/homebrew/opt/openssl/include -o target/Darwin-arm64/obj/aerospike/as_job.o -c src/main/aerospike/as_job.c
cc -Isrc/include -I/Users/hugjobk/workspaces/birdeye/aerospike-client-nodejs/aerospike-client-c/modules/common/src/include -I/Users/hugjobk/workspaces/birdeye/aerospike-client-nodejs/aerospike-client-c/modules/mod-lua/src/include -I/Users/hugjobk/workspaces/birdeye/aerospike-client-nodejs/aerospike-client-c/modules/lua -std=gnu99 -g -Wall -fPIC -O3 -fno-common -fno-strict-aliasing -D_FILE_OFFSET_BITS=64 -D_REENTRANT -D_GNU_SOURCE -I/usr/local/opt/libuv/include -DAS_USE_LIBUV -D_DARWIN_UNLIMITED_SELECT -I/usr/local/include -I/opt/homebrew/include -I/opt/homebrew/opt/openssl/include -o target/Darwin-arm64/obj/aerospike/as_key.o -c src/main/aerospike/as_key.c
cc -Isrc/include -I/Users/hugjobk/workspaces/birdeye/aerospike-client-nodejs/aerospike-client-c/modules/common/src/include -I/Users/hugjobk/workspaces/birdeye/aerospike-client-nodejs/aerospike-client-c/modules/mod-lua/src/include -I/Users/hugjobk/workspaces/birdeye/aerospike-client-nodejs/aerospike-client-c/modules/lua -std=gnu99 -g -Wall -fPIC -O3 -fno-common -fno-strict-aliasing -D_FILE_OFFSET_BITS=64 -D_REENTRANT -D_GNU_SOURCE -I/usr/local/opt/libuv/include -DAS_USE_LIBUV -D_DARWIN_UNLIMITED_SELECT -I/usr/local/include -I/opt/homebrew/include -I/opt/homebrew/opt/openssl/include -o target/Darwin-arm64/obj/aerospike/as_latency.o -c src/main/aerospike/as_latency.c
cc -Isrc/include -I/Users/hugjobk/workspaces/birdeye/aerospike-client-nodejs/aerospike-client-c/modules/common/src/include -I/Users/hugjobk/workspaces/birdeye/aerospike-client-nodejs/aerospike-client-c/modules/mod-lua/src/include -I/Users/hugjobk/workspaces/birdeye/aerospike-client-nodejs/aerospike-client-c/modules/lua -std=gnu99 -g -Wall -fPIC -O3 -fno-common -fno-strict-aliasing -D_FILE_OFFSET_BITS=64 -D_REENTRANT -D_GNU_SOURCE -I/usr/local/opt/libuv/include -DAS_USE_LIBUV -D_DARWIN_UNLIMITED_SELECT -I/usr/local/include -I/opt/homebrew/include -I/opt/homebrew/opt/openssl/include -o target/Darwin-arm64/obj/aerospike/as_list_operations.o -c src/main/aerospike/as_list_operations.c
cc -Isrc/include -I/Users/hugjobk/workspaces/birdeye/aerospike-client-nodejs/aerospike-client-c/modules/common/src/include -I/Users/hugjobk/workspaces/birdeye/aerospike-client-nodejs/aerospike-client-c/modules/mod-lua/src/include -I/Users/hugjobk/workspaces/birdeye/aerospike-client-nodejs/aerospike-client-c/modules/lua -std=gnu99 -g -Wall -fPIC -O3 -fno-common -fno-strict-aliasing -D_FILE_OFFSET_BITS=64 -D_REENTRANT -D_GNU_SOURCE -I/usr/local/opt/libuv/include -DAS_USE_LIBUV -D_DARWIN_UNLIMITED_SELECT -I/usr/local/include -I/opt/homebrew/include -I/opt/homebrew/opt/openssl/include -o target/Darwin-arm64/obj/aerospike/as_lookup.o -c src/main/aerospike/as_lookup.c
cc -Isrc/include -I/Users/hugjobk/workspaces/birdeye/aerospike-client-nodejs/aerospike-client-c/modules/common/src/include -I/Users/hugjobk/workspaces/birdeye/aerospike-client-nodejs/aerospike-client-c/modules/mod-lua/src/include -I/Users/hugjobk/workspaces/birdeye/aerospike-client-nodejs/aerospike-client-c/modules/lua -std=gnu99 -g -Wall -fPIC -O3 -fno-common -fno-strict-aliasing -D_FILE_OFFSET_BITS=64 -D_REENTRANT -D_GNU_SOURCE -I/usr/local/opt/libuv/include -DAS_USE_LIBUV -D_DARWIN_UNLIMITED_SELECT -I/usr/local/include -I/opt/homebrew/include -I/opt/homebrew/opt/openssl/include -o target/Darwin-arm64/obj/aerospike/as_map_operations.o -c src/main/aerospike/as_map_operations.c
cc -Isrc/include -I/Users/hugjobk/workspaces/birdeye/aerospike-client-nodejs/aerospike-client-c/modules/common/src/include -I/Users/hugjobk/workspaces/birdeye/aerospike-client-nodejs/aerospike-client-c/modules/mod-lua/src/include -I/Users/hugjobk/workspaces/birdeye/aerospike-client-nodejs/aerospike-client-c/modules/lua -std=gnu99 -g -Wall -fPIC -O3 -fno-common -fno-strict-aliasing -D_FILE_OFFSET_BITS=64 -D_REENTRANT -D_GNU_SOURCE -I/usr/local/opt/libuv/include -DAS_USE_LIBUV -D_DARWIN_UNLIMITED_SELECT -I/usr/local/include -I/opt/homebrew/include -I/opt/homebrew/opt/openssl/include -o target/Darwin-arm64/obj/aerospike/as_metrics.o -c src/main/aerospike/as_metrics.c
cc -Isrc/include -I/Users/hugjobk/workspaces/birdeye/aerospike-client-nodejs/aerospike-client-c/modules/common/src/include -I/Users/hugjobk/workspaces/birdeye/aerospike-client-nodejs/aerospike-client-c/modules/mod-lua/src/include -I/Users/hugjobk/workspaces/birdeye/aerospike-client-nodejs/aerospike-client-c/modules/lua -std=gnu99 -g -Wall -fPIC -O3 -fno-common -fno-strict-aliasing -D_FILE_OFFSET_BITS=64 -D_REENTRANT -D_GNU_SOURCE -I/usr/local/opt/libuv/include -DAS_USE_LIBUV -D_DARWIN_UNLIMITED_SELECT -I/usr/local/include -I/opt/homebrew/include -I/opt/homebrew/opt/openssl/include -o target/Darwin-arm64/obj/aerospike/as_metrics_writer.o -c src/main/aerospike/as_metrics_writer.c
cc -Isrc/include -I/Users/hugjobk/workspaces/birdeye/aerospike-client-nodejs/aerospike-client-c/modules/common/src/include -I/Users/hugjobk/workspaces/birdeye/aerospike-client-nodejs/aerospike-client-c/modules/mod-lua/src/include -I/Users/hugjobk/workspaces/birdeye/aerospike-client-nodejs/aerospike-client-c/modules/lua -std=gnu99 -g -Wall -fPIC -O3 -fno-common -fno-strict-aliasing -D_FILE_OFFSET_BITS=64 -D_REENTRANT -D_GNU_SOURCE -I/usr/local/opt/libuv/include -DAS_USE_LIBUV -D_DARWIN_UNLIMITED_SELECT -I/usr/local/include -I/opt/homebrew/include -I/opt/homebrew/opt/openssl/include -o target/Darwin-arm64/obj/aerospike/as_node.o -c src/main/aerospike/as_node.c
cc -Isrc/include -I/Users/hugjobk/workspaces/birdeye/aerospike-client-nodejs/aerospike-client-c/modules/common/src/include -I/Users/hugjobk/workspaces/birdeye/aerospike-client-nodejs/aerospike-client-c/modules/mod-lua/src/include -I/Users/hugjobk/workspaces/birdeye/aerospike-client-nodejs/aerospike-client-c/modules/lua -std=gnu99 -g -Wall -fPIC -O3 -fno-common -fno-strict-aliasing -D_FILE_OFFSET_BITS=64 -D_REENTRANT -D_GNU_SOURCE -I/usr/local/opt/libuv/include -DAS_USE_LIBUV -D_DARWIN_UNLIMITED_SELECT -I/usr/local/include -I/opt/homebrew/include -I/opt/homebrew/opt/openssl/include -o target/Darwin-arm64/obj/aerospike/as_operations.o -c src/main/aerospike/as_operations.c
cc -Isrc/include -I/Users/hugjobk/workspaces/birdeye/aerospike-client-nodejs/aerospike-client-c/modules/common/src/include -I/Users/hugjobk/workspaces/birdeye/aerospike-client-nodejs/aerospike-client-c/modules/mod-lua/src/include -I/Users/hugjobk/workspaces/birdeye/aerospike-client-nodejs/aerospike-client-c/modules/lua -std=gnu99 -g -Wall -fPIC -O3 -fno-common -fno-strict-aliasing -D_FILE_OFFSET_BITS=64 -D_REENTRANT -D_GNU_SOURCE -I/usr/local/opt/libuv/include -DAS_USE_LIBUV -D_DARWIN_UNLIMITED_SELECT -I/usr/local/include -I/opt/homebrew/include -I/opt/homebrew/opt/openssl/include -o target/Darwin-arm64/obj/aerospike/as_partition.o -c src/main/aerospike/as_partition.c
cc -Isrc/include -I/Users/hugjobk/workspaces/birdeye/aerospike-client-nodejs/aerospike-client-c/modules/common/src/include -I/Users/hugjobk/workspaces/birdeye/aerospike-client-nodejs/aerospike-client-c/modules/mod-lua/src/include -I/Users/hugjobk/workspaces/birdeye/aerospike-client-nodejs/aerospike-client-c/modules/lua -std=gnu99 -g -Wall -fPIC -O3 -fno-common -fno-strict-aliasing -D_FILE_OFFSET_BITS=64 -D_REENTRANT -D_GNU_SOURCE -I/usr/local/opt/libuv/include -DAS_USE_LIBUV -D_DARWIN_UNLIMITED_SELECT -I/usr/local/include -I/opt/homebrew/include -I/opt/homebrew/opt/openssl/include -o target/Darwin-arm64/obj/aerospike/as_partition_tracker.o -c src/main/aerospike/as_partition_tracker.c
cc -Isrc/include -I/Users/hugjobk/workspaces/birdeye/aerospike-client-nodejs/aerospike-client-c/modules/common/src/include -I/Users/hugjobk/workspaces/birdeye/aerospike-client-nodejs/aerospike-client-c/modules/mod-lua/src/include -I/Users/hugjobk/workspaces/birdeye/aerospike-client-nodejs/aerospike-client-c/modules/lua -std=gnu99 -g -Wall -fPIC -O3 -fno-common -fno-strict-aliasing -D_FILE_OFFSET_BITS=64 -D_REENTRANT -D_GNU_SOURCE -I/usr/local/opt/libuv/include -DAS_USE_LIBUV -D_DARWIN_UNLIMITED_SELECT -I/usr/local/include -I/opt/homebrew/include -I/opt/homebrew/opt/openssl/include -o target/Darwin-arm64/obj/aerospike/as_peers.o -c src/main/aerospike/as_peers.c
cc -Isrc/include -I/Users/hugjobk/workspaces/birdeye/aerospike-client-nodejs/aerospike-client-c/modules/common/src/include -I/Users/hugjobk/workspaces/birdeye/aerospike-client-nodejs/aerospike-client-c/modules/mod-lua/src/include -I/Users/hugjobk/workspaces/birdeye/aerospike-client-nodejs/aerospike-client-c/modules/lua -std=gnu99 -g -Wall -fPIC -O3 -fno-common -fno-strict-aliasing -D_FILE_OFFSET_BITS=64 -D_REENTRANT -D_GNU_SOURCE -I/usr/local/opt/libuv/include -DAS_USE_LIBUV -D_DARWIN_UNLIMITED_SELECT -I/usr/local/include -I/opt/homebrew/include -I/opt/homebrew/opt/openssl/include -o target/Darwin-arm64/obj/aerospike/as_pipe.o -c src/main/aerospike/as_pipe.c
cc -Isrc/include -I/Users/hugjobk/workspaces/birdeye/aerospike-client-nodejs/aerospike-client-c/modules/common/src/include -I/Users/hugjobk/workspaces/birdeye/aerospike-client-nodejs/aerospike-client-c/modules/mod-lua/src/include -I/Users/hugjobk/workspaces/birdeye/aerospike-client-nodejs/aerospike-client-c/modules/lua -std=gnu99 -g -Wall -fPIC -O3 -fno-common -fno-strict-aliasing -D_FILE_OFFSET_BITS=64 -D_REENTRANT -D_GNU_SOURCE -I/usr/local/opt/libuv/include -DAS_USE_LIBUV -D_DARWIN_UNLIMITED_SELECT -I/usr/local/include -I/opt/homebrew/include -I/opt/homebrew/opt/openssl/include -o target/Darwin-arm64/obj/aerospike/as_policy.o -c src/main/aerospike/as_policy.c
cc -Isrc/include -I/Users/hugjobk/workspaces/birdeye/aerospike-client-nodejs/aerospike-client-c/modules/common/src/include -I/Users/hugjobk/workspaces/birdeye/aerospike-client-nodejs/aerospike-client-c/modules/mod-lua/src/include -I/Users/hugjobk/workspaces/birdeye/aerospike-client-nodejs/aerospike-client-c/modules/lua -std=gnu99 -g -Wall -fPIC -O3 -fno-common -fno-strict-aliasing -D_FILE_OFFSET_BITS=64 -D_REENTRANT -D_GNU_SOURCE -I/usr/local/opt/libuv/include -DAS_USE_LIBUV -D_DARWIN_UNLIMITED_SELECT -I/usr/local/include -I/opt/homebrew/include -I/opt/homebrew/opt/openssl/include -o target/Darwin-arm64/obj/aerospike/as_proto.o -c src/main/aerospike/as_proto.c
cc -Isrc/include -I/Users/hugjobk/workspaces/birdeye/aerospike-client-nodejs/aerospike-client-c/modules/common/src/include -I/Users/hugjobk/workspaces/birdeye/aerospike-client-nodejs/aerospike-client-c/modules/mod-lua/src/include -I/Users/hugjobk/workspaces/birdeye/aerospike-client-nodejs/aerospike-client-c/modules/lua -std=gnu99 -g -Wall -fPIC -O3 -fno-common -fno-strict-aliasing -D_FILE_OFFSET_BITS=64 -D_REENTRANT -D_GNU_SOURCE -I/usr/local/opt/libuv/include -DAS_USE_LIBUV -D_DARWIN_UNLIMITED_SELECT -I/usr/local/include -I/opt/homebrew/include -I/opt/homebrew/opt/openssl/include -o target/Darwin-arm64/obj/aerospike/as_query.o -c src/main/aerospike/as_query.c
cc -Isrc/include -I/Users/hugjobk/workspaces/birdeye/aerospike-client-nodejs/aerospike-client-c/modules/common/src/include -I/Users/hugjobk/workspaces/birdeye/aerospike-client-nodejs/aerospike-client-c/modules/mod-lua/src/include -I/Users/hugjobk/workspaces/birdeye/aerospike-client-nodejs/aerospike-client-c/modules/lua -std=gnu99 -g -Wall -fPIC -O3 -fno-common -fno-strict-aliasing -D_FILE_OFFSET_BITS=64 -D_REENTRANT -D_GNU_SOURCE -I/usr/local/opt/libuv/include -DAS_USE_LIBUV -D_DARWIN_UNLIMITED_SELECT -I/usr/local/include -I/opt/homebrew/include -I/opt/homebrew/opt/openssl/include -o target/Darwin-arm64/obj/aerospike/as_query_validate.o -c src/main/aerospike/as_query_validate.c
cc -Isrc/include -I/Users/hugjobk/workspaces/birdeye/aerospike-client-nodejs/aerospike-client-c/modules/common/src/include -I/Users/hugjobk/workspaces/birdeye/aerospike-client-nodejs/aerospike-client-c/modules/mod-lua/src/include -I/Users/hugjobk/workspaces/birdeye/aerospike-client-nodejs/aerospike-client-c/modules/lua -std=gnu99 -g -Wall -fPIC -O3 -fno-common -fno-strict-aliasing -D_FILE_OFFSET_BITS=64 -D_REENTRANT -D_GNU_SOURCE -I/usr/local/opt/libuv/include -DAS_USE_LIBUV -D_DARWIN_UNLIMITED_SELECT -I/usr/local/include -I/opt/homebrew/include -I/opt/homebrew/opt/openssl/include -o target/Darwin-arm64/obj/aerospike/as_record.o -c src/main/aerospike/as_record.c
cc -Isrc/include -I/Users/hugjobk/workspaces/birdeye/aerospike-client-nodejs/aerospike-client-c/modules/common/src/include -I/Users/hugjobk/workspaces/birdeye/aerospike-client-nodejs/aerospike-client-c/modules/mod-lua/src/include -I/Users/hugjobk/workspaces/birdeye/aerospike-client-nodejs/aerospike-client-c/modules/lua -std=gnu99 -g -Wall -fPIC -O3 -fno-common -fno-strict-aliasing -D_FILE_OFFSET_BITS=64 -D_REENTRANT -D_GNU_SOURCE -I/usr/local/opt/libuv/include -DAS_USE_LIBUV -D_DARWIN_UNLIMITED_SELECT -I/usr/local/include -I/opt/homebrew/include -I/opt/homebrew/opt/openssl/include -o target/Darwin-arm64/obj/aerospike/as_record_hooks.o -c src/main/aerospike/as_record_hooks.c
cc -Isrc/include -I/Users/hugjobk/workspaces/birdeye/aerospike-client-nodejs/aerospike-client-c/modules/common/src/include -I/Users/hugjobk/workspaces/birdeye/aerospike-client-nodejs/aerospike-client-c/modules/mod-lua/src/include -I/Users/hugjobk/workspaces/birdeye/aerospike-client-nodejs/aerospike-client-c/modules/lua -std=gnu99 -g -Wall -fPIC -O3 -fno-common -fno-strict-aliasing -D_FILE_OFFSET_BITS=64 -D_REENTRANT -D_GNU_SOURCE -I/usr/local/opt/libuv/include -DAS_USE_LIBUV -D_DARWIN_UNLIMITED_SELECT -I/usr/local/include -I/opt/homebrew/include -I/opt/homebrew/opt/openssl/include -o target/Darwin-arm64/obj/aerospike/as_record_iterator.o -c src/main/aerospike/as_record_iterator.c
cc -Isrc/include -I/Users/hugjobk/workspaces/birdeye/aerospike-client-nodejs/aerospike-client-c/modules/common/src/include -I/Users/hugjobk/workspaces/birdeye/aerospike-client-nodejs/aerospike-client-c/modules/mod-lua/src/include -I/Users/hugjobk/workspaces/birdeye/aerospike-client-nodejs/aerospike-client-c/modules/lua -std=gnu99 -g -Wall -fPIC -O3 -fno-common -fno-strict-aliasing -D_FILE_OFFSET_BITS=64 -D_REENTRANT -D_GNU_SOURCE -I/usr/local/opt/libuv/include -DAS_USE_LIBUV -D_DARWIN_UNLIMITED_SELECT -I/usr/local/include -I/opt/homebrew/include -I/opt/homebrew/opt/openssl/include -o target/Darwin-arm64/obj/aerospike/as_scan.o -c src/main/aerospike/as_scan.c
cc -Isrc/include -I/Users/hugjobk/workspaces/birdeye/aerospike-client-nodejs/aerospike-client-c/modules/common/src/include -I/Users/hugjobk/workspaces/birdeye/aerospike-client-nodejs/aerospike-client-c/modules/mod-lua/src/include -I/Users/hugjobk/workspaces/birdeye/aerospike-client-nodejs/aerospike-client-c/modules/lua -std=gnu99 -g -Wall -fPIC -O3 -fno-common -fno-strict-aliasing -D_FILE_OFFSET_BITS=64 -D_REENTRANT -D_GNU_SOURCE -I/usr/local/opt/libuv/include -DAS_USE_LIBUV -D_DARWIN_UNLIMITED_SELECT -I/usr/local/include -I/opt/homebrew/include -I/opt/homebrew/opt/openssl/include -o target/Darwin-arm64/obj/aerospike/as_shm_cluster.o -c src/main/aerospike/as_shm_cluster.c
cc -Isrc/include -I/Users/hugjobk/workspaces/birdeye/aerospike-client-nodejs/aerospike-client-c/modules/common/src/include -I/Users/hugjobk/workspaces/birdeye/aerospike-client-nodejs/aerospike-client-c/modules/mod-lua/src/include -I/Users/hugjobk/workspaces/birdeye/aerospike-client-nodejs/aerospike-client-c/modules/lua -std=gnu99 -g -Wall -fPIC -O3 -fno-common -fno-strict-aliasing -D_FILE_OFFSET_BITS=64 -D_REENTRANT -D_GNU_SOURCE -I/usr/local/opt/libuv/include -DAS_USE_LIBUV -D_DARWIN_UNLIMITED_SELECT -I/usr/local/include -I/opt/homebrew/include -I/opt/homebrew/opt/openssl/include -o target/Darwin-arm64/obj/aerospike/as_socket.o -c src/main/aerospike/as_socket.c
cc -Isrc/include -I/Users/hugjobk/workspaces/birdeye/aerospike-client-nodejs/aerospike-client-c/modules/common/src/include -I/Users/hugjobk/workspaces/birdeye/aerospike-client-nodejs/aerospike-client-c/modules/mod-lua/src/include -I/Users/hugjobk/workspaces/birdeye/aerospike-client-nodejs/aerospike-client-c/modules/lua -std=gnu99 -g -Wall -fPIC -O3 -fno-common -fno-strict-aliasing -D_FILE_OFFSET_BITS=64 -D_REENTRANT -D_GNU_SOURCE -I/usr/local/opt/libuv/include -DAS_USE_LIBUV -D_DARWIN_UNLIMITED_SELECT -I/usr/local/include -I/opt/homebrew/include -I/opt/homebrew/opt/openssl/include -o target/Darwin-arm64/obj/aerospike/as_tls.o -c src/main/aerospike/as_tls.c
cc -Isrc/include -I/Users/hugjobk/workspaces/birdeye/aerospike-client-nodejs/aerospike-client-c/modules/common/src/include -I/Users/hugjobk/workspaces/birdeye/aerospike-client-nodejs/aerospike-client-c/modules/mod-lua/src/include -I/Users/hugjobk/workspaces/birdeye/aerospike-client-nodejs/aerospike-client-c/modules/lua -std=gnu99 -g -Wall -fPIC -O3 -fno-common -fno-strict-aliasing -D_FILE_OFFSET_BITS=64 -D_REENTRANT -D_GNU_SOURCE -I/usr/local/opt/libuv/include -DAS_USE_LIBUV -D_DARWIN_UNLIMITED_SELECT -I/usr/local/include -I/opt/homebrew/include -I/opt/homebrew/opt/openssl/include -o target/Darwin-arm64/obj/aerospike/as_txn.o -c src/main/aerospike/as_txn.c
cc -Isrc/include -I/Users/hugjobk/workspaces/birdeye/aerospike-client-nodejs/aerospike-client-c/modules/common/src/include -I/Users/hugjobk/workspaces/birdeye/aerospike-client-nodejs/aerospike-client-c/modules/mod-lua/src/include -I/Users/hugjobk/workspaces/birdeye/aerospike-client-nodejs/aerospike-client-c/modules/lua -std=gnu99 -g -Wall -fPIC -O3 -fno-common -fno-strict-aliasing -D_FILE_OFFSET_BITS=64 -D_REENTRANT -D_GNU_SOURCE -I/usr/local/opt/libuv/include -DAS_USE_LIBUV -D_DARWIN_UNLIMITED_SELECT -I/usr/local/include -I/opt/homebrew/include -I/opt/homebrew/opt/openssl/include -o target/Darwin-arm64/obj/aerospike/as_txn_monitor.o -c src/main/aerospike/as_txn_monitor.c
cc -Isrc/include -I/Users/hugjobk/workspaces/birdeye/aerospike-client-nodejs/aerospike-client-c/modules/common/src/include -I/Users/hugjobk/workspaces/birdeye/aerospike-client-nodejs/aerospike-client-c/modules/mod-lua/src/include -I/Users/hugjobk/workspaces/birdeye/aerospike-client-nodejs/aerospike-client-c/modules/lua -std=gnu99 -g -Wall -fPIC -O3 -fno-common -fno-strict-aliasing -D_FILE_OFFSET_BITS=64 -D_REENTRANT -D_GNU_SOURCE -I/usr/local/opt/libuv/include -DAS_USE_LIBUV -D_DARWIN_UNLIMITED_SELECT -I/usr/local/include -I/opt/homebrew/include -I/opt/homebrew/opt/openssl/include -o target/Darwin-arm64/obj/aerospike/as_udf.o -c src/main/aerospike/as_udf.c
cc -Isrc/include -I/Users/hugjobk/workspaces/birdeye/aerospike-client-nodejs/aerospike-client-c/modules/common/src/include -I/Users/hugjobk/workspaces/birdeye/aerospike-client-nodejs/aerospike-client-c/modules/mod-lua/src/include -I/Users/hugjobk/workspaces/birdeye/aerospike-client-nodejs/aerospike-client-c/modules/lua -std=gnu99 -g -Wall -fPIC -O3 -fno-common -fno-strict-aliasing -D_FILE_OFFSET_BITS=64 -D_REENTRANT -D_GNU_SOURCE -I/usr/local/opt/libuv/include -DAS_USE_LIBUV -D_DARWIN_UNLIMITED_SELECT -I/usr/local/include -I/opt/homebrew/include -I/opt/homebrew/opt/openssl/include -o target/Darwin-arm64/obj/aerospike/as_version.o -c src/main/aerospike/as_version.c
cc -Isrc/include -I/Users/hugjobk/workspaces/birdeye/aerospike-client-nodejs/aerospike-client-c/modules/common/src/include -I/Users/hugjobk/workspaces/birdeye/aerospike-client-nodejs/aerospike-client-c/modules/mod-lua/src/include -I/Users/hugjobk/workspaces/birdeye/aerospike-client-nodejs/aerospike-client-c/modules/lua -std=gnu99 -g -Wall -fPIC -O3 -fno-common -fno-strict-aliasing -D_FILE_OFFSET_BITS=64 -D_REENTRANT -D_GNU_SOURCE -I/usr/local/opt/libuv/include -DAS_USE_LIBUV -D_DARWIN_UNLIMITED_SELECT -I/usr/local/include -I/opt/homebrew/include -I/opt/homebrew/opt/openssl/include -o target/Darwin-arm64/obj/aerospike/version.o -c src/main/aerospike/version.c
ar rcs target/Darwin-arm64/lib/libaerospike.a target/Darwin-arm64/obj/aerospike/_bin.o target/Darwin-arm64/obj/aerospike/aerospike.o target/Darwin-arm64/obj/aerospike/aerospike_batch.o target/Darwin-arm64/obj/aerospike/aerospike_index.o target/Darwin-arm64/obj/aerospike/aerospike_info.o target/Darwin-arm64/obj/aerospike/aerospike_key.o target/Darwin-arm64/obj/aerospike/aerospike_query.o target/Darwin-arm64/obj/aerospike/aerospike_scan.o target/Darwin-arm64/obj/aerospike/aerospike_stats.o target/Darwin-arm64/obj/aerospike/aerospike_txn.o target/Darwin-arm64/obj/aerospike/aerospike_udf.o target/Darwin-arm64/obj/aerospike/as_address.o target/Darwin-arm64/obj/aerospike/as_admin.o target/Darwin-arm64/obj/aerospike/as_async.o target/Darwin-arm64/obj/aerospike/as_batch.o target/Darwin-arm64/obj/aerospike/as_bit_operations.o target/Darwin-arm64/obj/aerospike/as_cdt_ctx.o target/Darwin-arm64/obj/aerospike/as_cdt_internal.o target/Darwin-arm64/obj/aerospike/as_command.o target/Darwin-arm64/obj/aerospike/as_config.o target/Darwin-arm64/obj/aerospike/as_config_file.o target/Darwin-arm64/obj/aerospike/as_conn_recover.o target/Darwin-arm64/obj/aerospike/as_cluster.o target/Darwin-arm64/obj/aerospike/as_error.o target/Darwin-arm64/obj/aerospike/as_event.o target/Darwin-arm64/obj/aerospike/as_event_ev.o target/Darwin-arm64/obj/aerospike/as_event_uv.o target/Darwin-arm64/obj/aerospike/as_event_event.o target/Darwin-arm64/obj/aerospike/as_event_none.o target/Darwin-arm64/obj/aerospike/as_exp_operations.o target/Darwin-arm64/obj/aerospike/as_exp.o target/Darwin-arm64/obj/aerospike/as_hll_operations.o target/Darwin-arm64/obj/aerospike/as_host.o target/Darwin-arm64/obj/aerospike/as_info.o target/Darwin-arm64/obj/aerospike/as_job.o target/Darwin-arm64/obj/aerospike/as_key.o target/Darwin-arm64/obj/aerospike/as_latency.o target/Darwin-arm64/obj/aerospike/as_list_operations.o target/Darwin-arm64/obj/aerospike/as_lookup.o target/Darwin-arm64/obj/aerospike/as_map_operations.o target/Darwin-arm64/obj/aerospike/as_metrics.o target/Darwin-arm64/obj/aerospike/as_metrics_writer.o target/Darwin-arm64/obj/aerospike/as_node.o target/Darwin-arm64/obj/aerospike/as_operations.o target/Darwin-arm64/obj/aerospike/as_partition.o target/Darwin-arm64/obj/aerospike/as_partition_tracker.o target/Darwin-arm64/obj/aerospike/as_peers.o target/Darwin-arm64/obj/aerospike/as_pipe.o target/Darwin-arm64/obj/aerospike/as_policy.o target/Darwin-arm64/obj/aerospike/as_proto.o target/Darwin-arm64/obj/aerospike/as_query.o target/Darwin-arm64/obj/aerospike/as_query_validate.o target/Darwin-arm64/obj/aerospike/as_record.o target/Darwin-arm64/obj/aerospike/as_record_hooks.o target/Darwin-arm64/obj/aerospike/as_record_iterator.o target/Darwin-arm64/obj/aerospike/as_scan.o target/Darwin-arm64/obj/aerospike/as_shm_cluster.o target/Darwin-arm64/obj/aerospike/as_socket.o target/Darwin-arm64/obj/aerospike/as_tls.o target/Darwin-arm64/obj/aerospike/as_txn.o target/Darwin-arm64/obj/aerospike/as_txn_monitor.o target/Darwin-arm64/obj/aerospike/as_udf.o target/Darwin-arm64/obj/aerospike/as_version.o target/Darwin-arm64/obj/aerospike/version.o  /Users/hugjobk/workspaces/birdeye/aerospike-client-nodejs/aerospike-client-c/modules/common/target/Darwin-arm64/obj/common/aerospike/*.o /Users/hugjobk/workspaces/birdeye/aerospike-client-nodejs/aerospike-client-c/modules/common/target/Darwin-arm64/obj/common/citrusleaf/*.o /Users/hugjobk/workspaces/birdeye/aerospike-client-nodejs/aerospike-client-c/modules/mod-lua/target/Darwin-arm64/obj/*.o /Users/hugjobk/workspaces/birdeye/aerospike-client-nodejs/aerospike-client-c/modules/lua/lapi.o /Users/hugjobk/workspaces/birdeye/aerospike-client-nodejs/aerospike-client-c/modules/lua/lauxlib.o /Users/hugjobk/workspaces/birdeye/aerospike-client-nodejs/aerospike-client-c/modules/lua/lbaselib.o /Users/hugjobk/workspaces/birdeye/aerospike-client-nodejs/aerospike-client-c/modules/lua/lcode.o /Users/hugjobk/workspaces/birdeye/aerospike-client-nodejs/aerospike-client-c/modules/lua/lcorolib.o /Users/hugjobk/workspaces/birdeye/aerospike-client-nodejs/aerospike-client-c/modules/lua/lctype.o /Users/hugjobk/workspaces/birdeye/aerospike-client-nodejs/aerospike-client-c/modules/lua/ldblib.o /Users/hugjobk/workspaces/birdeye/aerospike-client-nodejs/aerospike-client-c/modules/lua/ldebug.o /Users/hugjobk/workspaces/birdeye/aerospike-client-nodejs/aerospike-client-c/modules/lua/ldo.o /Users/hugjobk/workspaces/birdeye/aerospike-client-nodejs/aerospike-client-c/modules/lua/ldump.o /Users/hugjobk/workspaces/birdeye/aerospike-client-nodejs/aerospike-client-c/modules/lua/lfunc.o /Users/hugjobk/workspaces/birdeye/aerospike-client-nodejs/aerospike-client-c/modules/lua/lgc.o /Users/hugjobk/workspaces/birdeye/aerospike-client-nodejs/aerospike-client-c/modules/lua/linit.o /Users/hugjobk/workspaces/birdeye/aerospike-client-nodejs/aerospike-client-c/modules/lua/liolib.o /Users/hugjobk/workspaces/birdeye/aerospike-client-nodejs/aerospike-client-c/modules/lua/llex.o /Users/hugjobk/workspaces/birdeye/aerospike-client-nodejs/aerospike-client-c/modules/lua/lmathlib.o /Users/hugjobk/workspaces/birdeye/aerospike-client-nodejs/aerospike-client-c/modules/lua/lmem.o /Users/hugjobk/workspaces/birdeye/aerospike-client-nodejs/aerospike-client-c/modules/lua/loadlib.o /Users/hugjobk/workspaces/birdeye/aerospike-client-nodejs/aerospike-client-c/modules/lua/lobject.o /Users/hugjobk/workspaces/birdeye/aerospike-client-nodejs/aerospike-client-c/modules/lua/lopcodes.o /Users/hugjobk/workspaces/birdeye/aerospike-client-nodejs/aerospike-client-c/modules/lua/loslib.o /Users/hugjobk/workspaces/birdeye/aerospike-client-nodejs/aerospike-client-c/modules/lua/lparser.o /Users/hugjobk/workspaces/birdeye/aerospike-client-nodejs/aerospike-client-c/modules/lua/lstate.o /Users/hugjobk/workspaces/birdeye/aerospike-client-nodejs/aerospike-client-c/modules/lua/lstring.o /Users/hugjobk/workspaces/birdeye/aerospike-client-nodejs/aerospike-client-c/modules/lua/lstrlib.o /Users/hugjobk/workspaces/birdeye/aerospike-client-nodejs/aerospike-client-c/modules/lua/ltable.o /Users/hugjobk/workspaces/birdeye/aerospike-client-nodejs/aerospike-client-c/modules/lua/ltablib.o /Users/hugjobk/workspaces/birdeye/aerospike-client-nodejs/aerospike-client-c/modules/lua/ltests.o /Users/hugjobk/workspaces/birdeye/aerospike-client-nodejs/aerospike-client-c/modules/lua/ltm.o /Users/hugjobk/workspaces/birdeye/aerospike-client-nodejs/aerospike-client-c/modules/lua/lundump.o /Users/hugjobk/workspaces/birdeye/aerospike-client-nodejs/aerospike-client-c/modules/lua/lutf8lib.o /Users/hugjobk/workspaces/birdeye/aerospike-client-nodejs/aerospike-client-c/modules/lua/lvm.o /Users/hugjobk/workspaces/birdeye/aerospike-client-nodejs/aerospike-client-c/modules/lua/lzio.o
cc -dynamiclib -Isrc/include -I/Users/hugjobk/workspaces/birdeye/aerospike-client-nodejs/aerospike-client-c/modules/common/src/include -I/Users/hugjobk/workspaces/birdeye/aerospike-client-nodejs/aerospike-client-c/modules/mod-lua/src/include -I/Users/hugjobk/workspaces/birdeye/aerospike-client-nodejs/aerospike-client-c/modules/lua -undefined dynamic_lookup -o target/Darwin-arm64/lib/libaerospike.dylib target/Darwin-arm64/obj/aerospike/_bin.o target/Darwin-arm64/obj/aerospike/aerospike.o target/Darwin-arm64/obj/aerospike/aerospike_batch.o target/Darwin-arm64/obj/aerospike/aerospike_index.o target/Darwin-arm64/obj/aerospike/aerospike_info.o target/Darwin-arm64/obj/aerospike/aerospike_key.o target/Darwin-arm64/obj/aerospike/aerospike_query.o target/Darwin-arm64/obj/aerospike/aerospike_scan.o target/Darwin-arm64/obj/aerospike/aerospike_stats.o target/Darwin-arm64/obj/aerospike/aerospike_txn.o target/Darwin-arm64/obj/aerospike/aerospike_udf.o target/Darwin-arm64/obj/aerospike/as_address.o target/Darwin-arm64/obj/aerospike/as_admin.o target/Darwin-arm64/obj/aerospike/as_async.o target/Darwin-arm64/obj/aerospike/as_batch.o target/Darwin-arm64/obj/aerospike/as_bit_operations.o target/Darwin-arm64/obj/aerospike/as_cdt_ctx.o target/Darwin-arm64/obj/aerospike/as_cdt_internal.o target/Darwin-arm64/obj/aerospike/as_command.o target/Darwin-arm64/obj/aerospike/as_config.o target/Darwin-arm64/obj/aerospike/as_config_file.o target/Darwin-arm64/obj/aerospike/as_conn_recover.o target/Darwin-arm64/obj/aerospike/as_cluster.o target/Darwin-arm64/obj/aerospike/as_error.o target/Darwin-arm64/obj/aerospike/as_event.o target/Darwin-arm64/obj/aerospike/as_event_ev.o target/Darwin-arm64/obj/aerospike/as_event_uv.o target/Darwin-arm64/obj/aerospike/as_event_event.o target/Darwin-arm64/obj/aerospike/as_event_none.o target/Darwin-arm64/obj/aerospike/as_exp_operations.o target/Darwin-arm64/obj/aerospike/as_exp.o target/Darwin-arm64/obj/aerospike/as_hll_operations.o target/Darwin-arm64/obj/aerospike/as_host.o target/Darwin-arm64/obj/aerospike/as_info.o target/Darwin-arm64/obj/aerospike/as_job.o target/Darwin-arm64/obj/aerospike/as_key.o target/Darwin-arm64/obj/aerospike/as_latency.o target/Darwin-arm64/obj/aerospike/as_list_operations.o target/Darwin-arm64/obj/aerospike/as_lookup.o target/Darwin-arm64/obj/aerospike/as_map_operations.o target/Darwin-arm64/obj/aerospike/as_metrics.o target/Darwin-arm64/obj/aerospike/as_metrics_writer.o target/Darwin-arm64/obj/aerospike/as_node.o target/Darwin-arm64/obj/aerospike/as_operations.o target/Darwin-arm64/obj/aerospike/as_partition.o target/Darwin-arm64/obj/aerospike/as_partition_tracker.o target/Darwin-arm64/obj/aerospike/as_peers.o target/Darwin-arm64/obj/aerospike/as_pipe.o target/Darwin-arm64/obj/aerospike/as_policy.o target/Darwin-arm64/obj/aerospike/as_proto.o target/Darwin-arm64/obj/aerospike/as_query.o target/Darwin-arm64/obj/aerospike/as_query_validate.o target/Darwin-arm64/obj/aerospike/as_record.o target/Darwin-arm64/obj/aerospike/as_record_hooks.o target/Darwin-arm64/obj/aerospike/as_record_iterator.o target/Darwin-arm64/obj/aerospike/as_scan.o target/Darwin-arm64/obj/aerospike/as_shm_cluster.o target/Darwin-arm64/obj/aerospike/as_socket.o target/Darwin-arm64/obj/aerospike/as_tls.o target/Darwin-arm64/obj/aerospike/as_txn.o target/Darwin-arm64/obj/aerospike/as_txn_monitor.o target/Darwin-arm64/obj/aerospike/as_udf.o target/Darwin-arm64/obj/aerospike/as_version.o target/Darwin-arm64/obj/aerospike/version.o  /Users/hugjobk/workspaces/birdeye/aerospike-client-nodejs/aerospike-client-c/modules/common/target/Darwin-arm64/obj/common/aerospike/*.o /Users/hugjobk/workspaces/birdeye/aerospike-client-nodejs/aerospike-client-c/modules/common/target/Darwin-arm64/obj/common/citrusleaf/*.o /Users/hugjobk/workspaces/birdeye/aerospike-client-nodejs/aerospike-client-c/modules/mod-lua/target/Darwin-arm64/obj/*.o /Users/hugjobk/workspaces/birdeye/aerospike-client-nodejs/aerospike-client-c/modules/lua/lapi.o /Users/hugjobk/workspaces/birdeye/aerospike-client-nodejs/aerospike-client-c/modules/lua/lauxlib.o /Users/hugjobk/workspaces/birdeye/aerospike-client-nodejs/aerospike-client-c/modules/lua/lbaselib.o /Users/hugjobk/workspaces/birdeye/aerospike-client-nodejs/aerospike-client-c/modules/lua/lcode.o /Users/hugjobk/workspaces/birdeye/aerospike-client-nodejs/aerospike-client-c/modules/lua/lcorolib.o /Users/hugjobk/workspaces/birdeye/aerospike-client-nodejs/aerospike-client-c/modules/lua/lctype.o /Users/hugjobk/workspaces/birdeye/aerospike-client-nodejs/aerospike-client-c/modules/lua/ldblib.o /Users/hugjobk/workspaces/birdeye/aerospike-client-nodejs/aerospike-client-c/modules/lua/ldebug.o /Users/hugjobk/workspaces/birdeye/aerospike-client-nodejs/aerospike-client-c/modules/lua/ldo.o /Users/hugjobk/workspaces/birdeye/aerospike-client-nodejs/aerospike-client-c/modules/lua/ldump.o /Users/hugjobk/workspaces/birdeye/aerospike-client-nodejs/aerospike-client-c/modules/lua/lfunc.o /Users/hugjobk/workspaces/birdeye/aerospike-client-nodejs/aerospike-client-c/modules/lua/lgc.o /Users/hugjobk/workspaces/birdeye/aerospike-client-nodejs/aerospike-client-c/modules/lua/linit.o /Users/hugjobk/workspaces/birdeye/aerospike-client-nodejs/aerospike-client-c/modules/lua/liolib.o /Users/hugjobk/workspaces/birdeye/aerospike-client-nodejs/aerospike-client-c/modules/lua/llex.o /Users/hugjobk/workspaces/birdeye/aerospike-client-nodejs/aerospike-client-c/modules/lua/lmathlib.o /Users/hugjobk/workspaces/birdeye/aerospike-client-nodejs/aerospike-client-c/modules/lua/lmem.o /Users/hugjobk/workspaces/birdeye/aerospike-client-nodejs/aerospike-client-c/modules/lua/loadlib.o /Users/hugjobk/workspaces/birdeye/aerospike-client-nodejs/aerospike-client-c/modules/lua/lobject.o /Users/hugjobk/workspaces/birdeye/aerospike-client-nodejs/aerospike-client-c/modules/lua/lopcodes.o /Users/hugjobk/workspaces/birdeye/aerospike-client-nodejs/aerospike-client-c/modules/lua/loslib.o /Users/hugjobk/workspaces/birdeye/aerospike-client-nodejs/aerospike-client-c/modules/lua/lparser.o /Users/hugjobk/workspaces/birdeye/aerospike-client-nodejs/aerospike-client-c/modules/lua/lstate.o /Users/hugjobk/workspaces/birdeye/aerospike-client-nodejs/aerospike-client-c/modules/lua/lstring.o /Users/hugjobk/workspaces/birdeye/aerospike-client-nodejs/aerospike-client-c/modules/lua/lstrlib.o /Users/hugjobk/workspaces/birdeye/aerospike-client-nodejs/aerospike-client-c/modules/lua/ltable.o /Users/hugjobk/workspaces/birdeye/aerospike-client-nodejs/aerospike-client-c/modules/lua/ltablib.o /Users/hugjobk/workspaces/birdeye/aerospike-client-nodejs/aerospike-client-c/modules/lua/ltests.o /Users/hugjobk/workspaces/birdeye/aerospike-client-nodejs/aerospike-client-c/modules/lua/ltm.o /Users/hugjobk/workspaces/birdeye/aerospike-client-nodejs/aerospike-client-c/modules/lua/lundump.o /Users/hugjobk/workspaces/birdeye/aerospike-client-nodejs/aerospike-client-c/modules/lua/lutf8lib.o /Users/hugjobk/workspaces/birdeye/aerospike-client-nodejs/aerospike-client-c/modules/lua/lvm.o /Users/hugjobk/workspaces/birdeye/aerospike-client-nodejs/aerospike-client-c/modules/lua/lzio.o
cp -p src/include/aerospike/aerospike_batch.h target/Darwin-arm64/include/aerospike/aerospike_batch.h
cp -p src/include/aerospike/aerospike_index.h target/Darwin-arm64/include/aerospike/aerospike_index.h
cp -p src/include/aerospike/aerospike_info.h target/Darwin-arm64/include/aerospike/aerospike_info.h
cp -p src/include/aerospike/aerospike_key.h target/Darwin-arm64/include/aerospike/aerospike_key.h
cp -p src/include/aerospike/aerospike_query.h target/Darwin-arm64/include/aerospike/aerospike_query.h
cp -p src/include/aerospike/aerospike_scan.h target/Darwin-arm64/include/aerospike/aerospike_scan.h
cp -p src/include/aerospike/aerospike_stats.h target/Darwin-arm64/include/aerospike/aerospike_stats.h
cp -p src/include/aerospike/aerospike_txn.h target/Darwin-arm64/include/aerospike/aerospike_txn.h
cp -p src/include/aerospike/aerospike_udf.h target/Darwin-arm64/include/aerospike/aerospike_udf.h
cp -p src/include/aerospike/aerospike.h target/Darwin-arm64/include/aerospike/aerospike.h
cp -p src/include/aerospike/as_address.h target/Darwin-arm64/include/aerospike/as_address.h
cp -p src/include/aerospike/as_admin.h target/Darwin-arm64/include/aerospike/as_admin.h
cp -p src/include/aerospike/as_async_proto.h target/Darwin-arm64/include/aerospike/as_async_proto.h
cp -p src/include/aerospike/as_async.h target/Darwin-arm64/include/aerospike/as_async.h
cp -p src/include/aerospike/as_batch.h target/Darwin-arm64/include/aerospike/as_batch.h
cp -p src/include/aerospike/as_bin.h target/Darwin-arm64/include/aerospike/as_bin.h
cp -p src/include/aerospike/as_bit_operations.h target/Darwin-arm64/include/aerospike/as_bit_operations.h
cp -p src/include/aerospike/as_cdt_ctx.h target/Darwin-arm64/include/aerospike/as_cdt_ctx.h
cp -p src/include/aerospike/as_cdt_internal.h target/Darwin-arm64/include/aerospike/as_cdt_internal.h
cp -p src/include/aerospike/as_cdt_order.h target/Darwin-arm64/include/aerospike/as_cdt_order.h
cp -p src/include/aerospike/as_cluster.h target/Darwin-arm64/include/aerospike/as_cluster.h
cp -p src/include/aerospike/as_command.h target/Darwin-arm64/include/aerospike/as_command.h
cp -p src/include/aerospike/as_config_file.h target/Darwin-arm64/include/aerospike/as_config_file.h
cp -p src/include/aerospike/as_config.h target/Darwin-arm64/include/aerospike/as_config.h
cp -p src/include/aerospike/as_conn_pool.h target/Darwin-arm64/include/aerospike/as_conn_pool.h
cp -p src/include/aerospike/as_conn_recover.h target/Darwin-arm64/include/aerospike/as_conn_recover.h
cp -p src/include/aerospike/as_cpu.h target/Darwin-arm64/include/aerospike/as_cpu.h
cp -p src/include/aerospike/as_error.h target/Darwin-arm64/include/aerospike/as_error.h
cp -p src/include/aerospike/as_event_internal.h target/Darwin-arm64/include/aerospike/as_event_internal.h
cp -p src/include/aerospike/as_event.h target/Darwin-arm64/include/aerospike/as_event.h
cp -p src/include/aerospike/as_exp_operations.h target/Darwin-arm64/include/aerospike/as_exp_operations.h
cp -p src/include/aerospike/as_exp.h target/Darwin-arm64/include/aerospike/as_exp.h
cp -p src/include/aerospike/as_file.h target/Darwin-arm64/include/aerospike/as_file.h
cp -p src/include/aerospike/as_hll_operations.h target/Darwin-arm64/include/aerospike/as_hll_operations.h
cp -p src/include/aerospike/as_host.h target/Darwin-arm64/include/aerospike/as_host.h
cp -p src/include/aerospike/as_info.h target/Darwin-arm64/include/aerospike/as_info.h
cp -p src/include/aerospike/as_job.h target/Darwin-arm64/include/aerospike/as_job.h
cp -p src/include/aerospike/as_key.h target/Darwin-arm64/include/aerospike/as_key.h
cp -p src/include/aerospike/as_latency.h target/Darwin-arm64/include/aerospike/as_latency.h
cp -p src/include/aerospike/as_list_operations.h target/Darwin-arm64/include/aerospike/as_list_operations.h
cp -p src/include/aerospike/as_listener.h target/Darwin-arm64/include/aerospike/as_listener.h
cp -p src/include/aerospike/as_lookup.h target/Darwin-arm64/include/aerospike/as_lookup.h
cp -p src/include/aerospike/as_map_operations.h target/Darwin-arm64/include/aerospike/as_map_operations.h
cp -p src/include/aerospike/as_metrics_writer.h target/Darwin-arm64/include/aerospike/as_metrics_writer.h
cp -p src/include/aerospike/as_metrics.h target/Darwin-arm64/include/aerospike/as_metrics.h
cp -p src/include/aerospike/as_node.h target/Darwin-arm64/include/aerospike/as_node.h
cp -p src/include/aerospike/as_operations.h target/Darwin-arm64/include/aerospike/as_operations.h
cp -p src/include/aerospike/as_partition_filter.h target/Darwin-arm64/include/aerospike/as_partition_filter.h
cp -p src/include/aerospike/as_partition_tracker.h target/Darwin-arm64/include/aerospike/as_partition_tracker.h
cp -p src/include/aerospike/as_partition.h target/Darwin-arm64/include/aerospike/as_partition.h
cp -p src/include/aerospike/as_peers.h target/Darwin-arm64/include/aerospike/as_peers.h
cp -p src/include/aerospike/as_pipe.h target/Darwin-arm64/include/aerospike/as_pipe.h
cp -p src/include/aerospike/as_policy.h target/Darwin-arm64/include/aerospike/as_policy.h
cp -p src/include/aerospike/as_poll.h target/Darwin-arm64/include/aerospike/as_poll.h
cp -p src/include/aerospike/as_proto.h target/Darwin-arm64/include/aerospike/as_proto.h
cp -p src/include/aerospike/as_query_validate.h target/Darwin-arm64/include/aerospike/as_query_validate.h
cp -p src/include/aerospike/as_query.h target/Darwin-arm64/include/aerospike/as_query.h
cp -p src/include/aerospike/as_record_iterator.h target/Darwin-arm64/include/aerospike/as_record_iterator.h
cp -p src/include/aerospike/as_record.h target/Darwin-arm64/include/aerospike/as_record.h
cp -p src/include/aerospike/as_scan.h target/Darwin-arm64/include/aerospike/as_scan.h
cp -p src/include/aerospike/as_shm_cluster.h target/Darwin-arm64/include/aerospike/as_shm_cluster.h
cp -p src/include/aerospike/as_socket.h target/Darwin-arm64/include/aerospike/as_socket.h
cp -p src/include/aerospike/as_status.h target/Darwin-arm64/include/aerospike/as_status.h
cp -p src/include/aerospike/as_tls.h target/Darwin-arm64/include/aerospike/as_tls.h
cp -p src/include/aerospike/as_txn_monitor.h target/Darwin-arm64/include/aerospike/as_txn_monitor.h
cp -p src/include/aerospike/as_txn.h target/Darwin-arm64/include/aerospike/as_txn.h
cp -p src/include/aerospike/as_udf.h target/Darwin-arm64/include/aerospike/as_udf.h
cp -p src/include/aerospike/as_version.h target/Darwin-arm64/include/aerospike/as_version.h
cp -p src/include/aerospike/version.h target/Darwin-arm64/include/aerospike/version.h
